[
	"Mit meinen Studien auf dem Gebiet der Thermodynamik, habe ich ein Upgrade Modul für alle computergestützten Systeme entwickelt.",
	"Dieses Modul kann ich an jede Seite der Maschine anbringen und es gibt entsprechend Wärme an die Umgebung ab. Je nach Umgebungstemperatur (Biomtyp) können 1 - 3 zusätzliche Hitzepunkte dauerhaft abgeführt werden.",
	"Die Kühlleistung wird dabei mit der blauen (3), grünen (2) oder roten (1) Lampe am Kühler angezeigt.",

	"Crafting:",
	{
		"type": "crafting",
		"slots": {
			"1": {"name":"fp:spaceship", "meta":"<spaceship.CopperCoil>"},
			"2": {"OreDict":"ingotCopper"},
			"3": {"name":"fp:spaceship", "meta":"<spaceship.CopperCoil>"},
			"4": {"name":"fp:spaceship", "meta":"<spaceship.CopperCoil>"},
			"5": {"OreDict":"ingotCopper"},
			"6": {"name":"fp:spaceship", "meta":"<spaceship.CopperCoil>"},
			"7": {"OreDict":"ingotIron"},
			"8": {"OreDict":"ingotCopper"},
			"9": {"OreDict":"ingotIron"},
			"out": {"name":"fp:extern_cooler", "meta":0}
		}
	}
]