[
    "Da ich Maschinen stark übertakten will, um maximale Geschwindigkeiten zu bekommen, habe ich einen aktiven Wasserkühler erfunden.",
    "Allerdings will ich die Energie nicht verschwenden, deswegen wird erst ab ~100°C richtig gekühlt und Wasserdampf erzeugt.",
	"Crafting:",
    {
        "type": "crafting",
        "slots": {
            "1": {"name":"fp:spaceship", "meta":"<spaceship.CompositeMetall>"},
            "2": {"name":"fp:metal_gitter_pane"},
            "3": {"name":"fp:spaceship", "meta":"<spaceship.CompositeMetall>"},
            "4": {"name":"fp:pipe"},
            "5": {"name":"fp:spaceship", "meta":"<spaceship.Tank>"},
            "6": {"name":"fp:pipe"},
            "7": {"OreDict":"ingotCopper"},
            "8": {"OreDict":"ingotCopper"},
            "9": {"OreDict":"ingotCopper"},
            "out": {"name":"fp:water_cooler", "meta":0}
        }
    },
	"Über Item-Rohre kann ich Wassereimer in den Kühler bringen, allerdings kommt auf der Oberseite der Dampf heraus, ich kann also nur an den Seiten Items einführen."
]