[
    "Ich habe einen Chip entwickelt der die Herstellung von Gegenständen dokumentiert, dadurch kann ich die Prozesse optimieren und Erfahrung sammeln.",
    "Assembly:",
    {
        "type": "assembly",
        "slots": {
            "in1": {"name":"fp:spaceship","meta":"<spaceship.Silizium>","size":2},
            "in2": {"name":"fp:spaceship","meta":"<spaceship.QuartzParts>","size":2},
            "in3": "OreDict:gemEmerald",
            "out": {"name":"fp:chip", "meta":"<chip.UltimateChip>", "size":1}
        }
    },  
    "Die eine höhere Chippower sorgt für mehr Erfahrung bei herausnehmen des Items.",
    "Info: Für allgemeine Informationen siehe Logikchipsatz."
]