[
	"Ich habe einen neuen Chipsatz entworfen, mit dem Maschinen sich selbst orten können.",
	"Nach dem ich die Funktion des Kompasses analysiert habe, konnte ich sein Funktionsprinzip in abgewandelter Form elektronisch nachbilden.",	

	"Assembly:",
	{
		"type": "assembly",
		"slots": {
			"in1": {"name":"fp:spaceship","meta":"<spaceship.Silizium>","size":1},
			"in2": {"name":"fp:spaceship","meta":"<spaceship.QuartzParts>","size":1},
			"in3": {"name":"compass","meta":0,"size":1},
			"out": {"name":"fp:chip", "meta":"<chip.NavigationChip>", "size":1}
		}
	},	
	
	"Ein qualitativ hochwertiger Transportchipsatz (hohe Chippower) erbringt gegenüber eines normalen keinerlei Vorteile!",
	"Info: Ein abweichender Effekt ist ggf. bei der entsprechenden Maschine vermerkt.",
	"Info: Für allgemeine Informationen siehe Logikchipsatz."
]