[
	"Mit dieser Prozessorserie habe ich meine momentanen Möglichkeiten ausgereizt mehr Recheneinheiten auf den Prozessor zu bringen, dabei brachte vor allem die Benutzung von Goldleitungen und Kontakten eine reduzierte Wärmeerzeugung.",
	"Ein weitere Versuch der Verbesserung war das Einbauen einer fest verdrahteten Einheit für das Verarbeiten und Ausgeben von Supportdaten, was den unspezifischen Teil des Prozessors stark entlastet.",

	"Assembly:",
	{
		"type": "assembly",
		"slots": {
			"in1": {"name":"fp:spaceship", "meta":"<spaceship.Silizium>", "size":3},
			"in2": {"name":"fp:spaceship", "meta":"<spaceship.GoldParts>", "size":3},
			"in3": {"name":"fp:spaceship", "meta":"<spaceship.SupportSpeicher1>"},
			"out": {"name":"fp:core", "meta":2, "size":1}
		}
	},
	
	"Info: Für allgemeine Informationen siehe Standartprozessor."
]