[
	"Ich habe eine komplexe Struktur aus Verbundmetall und Eisengittern geschaffen, einen Lüftungsblock.",
	"Crafting:",
	{
		"type": "crafting",
		"slots": {
			"1": {"name":"fp:spaceship", "meta":"<spaceship.CompositeMetall>"},
			"2": {"name":"minecraft:iron_bars"},
			"3": {"name":"fp:spaceship", "meta":"<spaceship.CompositeMetall>"},
			"4": {"name":"minecraft:iron_bars"},
			"5": {},
			"6": {"name":"minecraft:iron_bars"},
			"7": {"name":"fp:spaceship", "meta":"<spaceship.CompositeMetall>"},
			"8": {"name":"minecraft:iron_bars"},
			"9": {"name":"fp:spaceship", "meta":"<spaceship.CompositeMetall>"},
			"out": {"name":"fp:erz_blocke", "meta":9, "size":6}
		}
	},	
	"Information: Der Block ist mit der Farbpistole färbbar/ sandstrahlbar."
]