[
	"Ich habe eine weitere einfache Struktur aus Verbundmetall geschaffen, einen treppenförmigen und soliden Block.",
	"Crafting:",
	{
		"type": "crafting",
		"slots": {
			"1": {},
			"2": {},
			"3": {"name":"fp:spaceship", "meta":"<spaceship.CompositeMetall>"},
			"4": {},
			"5": {"name":"fp:spaceship", "meta":"<spaceship.CompositeMetall>"},
			"6": {"name":"fp:spaceship", "meta":"<spaceship.CompositeMetall>"},
			"7": {"name":"fp:spaceship", "meta":"<spaceship.CompositeMetall>"},
			"8": {"name":"fp:spaceship", "meta":"<spaceship.CompositeMetall>"},
			"9": {"name":"fp:spaceship", "meta":"<spaceship.CompositeMetall>"},
			"out": {"name":"fp:metal_treppe", "meta":0, "size":1}
		}
	},
	"Alternativ:",
	{
		"type": "crafting",
		"slots": {
			"1": {},
			"2": {},
			"3": [{"name":"fp:erz_blocke", "meta":4},{"name":"fp:color_iron", "meta":0},{"name":"fp:color_iron", "meta":1},{"name":"fp:color_iron", "meta":2},{"name":"fp:color_iron", "meta":3},{"name":"fp:color_iron", "meta":4},{"name":"fp:color_iron", "meta":5},{"name":"fp:color_iron", "meta":6},{"name":"fp:color_iron", "meta":7},{"name":"fp:color_iron", "meta":8},{"name":"fp:color_iron", "meta":9},{"name":"fp:color_iron", "meta":10},{"name":"fp:color_iron", "meta":11},{"name":"fp:color_iron", "meta":12},{"name":"fp:color_iron", "meta":13},{"name":"fp:color_iron", "meta":14},{"name":"fp:color_iron", "meta":15}],
			"4": {},
			"5": [{"name":"fp:erz_blocke", "meta":4},{"name":"fp:color_iron", "meta":0},{"name":"fp:color_iron", "meta":1},{"name":"fp:color_iron", "meta":2},{"name":"fp:color_iron", "meta":3},{"name":"fp:color_iron", "meta":4},{"name":"fp:color_iron", "meta":5},{"name":"fp:color_iron", "meta":6},{"name":"fp:color_iron", "meta":7},{"name":"fp:color_iron", "meta":8},{"name":"fp:color_iron", "meta":9},{"name":"fp:color_iron", "meta":10},{"name":"fp:color_iron", "meta":11},{"name":"fp:color_iron", "meta":12},{"name":"fp:color_iron", "meta":13},{"name":"fp:color_iron", "meta":14},{"name":"fp:color_iron", "meta":15}],
			"6": [{"name":"fp:erz_blocke", "meta":4},{"name":"fp:color_iron", "meta":0},{"name":"fp:color_iron", "meta":1},{"name":"fp:color_iron", "meta":2},{"name":"fp:color_iron", "meta":3},{"name":"fp:color_iron", "meta":4},{"name":"fp:color_iron", "meta":5},{"name":"fp:color_iron", "meta":6},{"name":"fp:color_iron", "meta":7},{"name":"fp:color_iron", "meta":8},{"name":"fp:color_iron", "meta":9},{"name":"fp:color_iron", "meta":10},{"name":"fp:color_iron", "meta":11},{"name":"fp:color_iron", "meta":12},{"name":"fp:color_iron", "meta":13},{"name":"fp:color_iron", "meta":14},{"name":"fp:color_iron", "meta":15}],
			"7": [{"name":"fp:erz_blocke", "meta":4},{"name":"fp:color_iron", "meta":0},{"name":"fp:color_iron", "meta":1},{"name":"fp:color_iron", "meta":2},{"name":"fp:color_iron", "meta":3},{"name":"fp:color_iron", "meta":4},{"name":"fp:color_iron", "meta":5},{"name":"fp:color_iron", "meta":6},{"name":"fp:color_iron", "meta":7},{"name":"fp:color_iron", "meta":8},{"name":"fp:color_iron", "meta":9},{"name":"fp:color_iron", "meta":10},{"name":"fp:color_iron", "meta":11},{"name":"fp:color_iron", "meta":12},{"name":"fp:color_iron", "meta":13},{"name":"fp:color_iron", "meta":14},{"name":"fp:color_iron", "meta":15}],
			"8": [{"name":"fp:erz_blocke", "meta":4},{"name":"fp:color_iron", "meta":0},{"name":"fp:color_iron", "meta":1},{"name":"fp:color_iron", "meta":2},{"name":"fp:color_iron", "meta":3},{"name":"fp:color_iron", "meta":4},{"name":"fp:color_iron", "meta":5},{"name":"fp:color_iron", "meta":6},{"name":"fp:color_iron", "meta":7},{"name":"fp:color_iron", "meta":8},{"name":"fp:color_iron", "meta":9},{"name":"fp:color_iron", "meta":10},{"name":"fp:color_iron", "meta":11},{"name":"fp:color_iron", "meta":12},{"name":"fp:color_iron", "meta":13},{"name":"fp:color_iron", "meta":14},{"name":"fp:color_iron", "meta":15}],
			"9": [{"name":"fp:erz_blocke", "meta":4},{"name":"fp:color_iron", "meta":0},{"name":"fp:color_iron", "meta":1},{"name":"fp:color_iron", "meta":2},{"name":"fp:color_iron", "meta":3},{"name":"fp:color_iron", "meta":4},{"name":"fp:color_iron", "meta":5},{"name":"fp:color_iron", "meta":6},{"name":"fp:color_iron", "meta":7},{"name":"fp:color_iron", "meta":8},{"name":"fp:color_iron", "meta":9},{"name":"fp:color_iron", "meta":10},{"name":"fp:color_iron", "meta":11},{"name":"fp:color_iron", "meta":12},{"name":"fp:color_iron", "meta":13},{"name":"fp:color_iron", "meta":14},{"name":"fp:color_iron", "meta":15}],
			"out": [{"name":"fp:metal_treppe", "meta":0, "size":4},{"name":"fp:color_iron_stair0", "size":4},{"name":"fp:color_iron_stair1", "size":4},{"name":"fp:color_iron_stair2", "size":4},{"name":"fp:color_iron_stair3", "size":4},{"name":"fp:color_iron_stair4", "size":4},{"name":"fp:color_iron_stair5", "size":4},{"name":"fp:color_iron_stair6", "size":4},{"name":"fp:color_iron_stair7", "size":4},{"name":"fp:color_iron_stair8", "size":4},{"name":"fp:color_iron_stair9", "size":4},{"name":"fp:color_iron_stair10", "size":4},{"name":"fp:color_iron_stair11", "size":4},{"name":"fp:color_iron_stair12", "size":4},{"name":"fp:color_iron_stair13", "size":4},{"name":"fp:color_iron_stair14", "size":4},{"name":"fp:color_iron_stair15", "size":4}]
		}
	},
	"Information: Der Block ist mit der Farbpistole färbbar/ sandstrahlbar."
]