[
	"Mit dem auf Menelaus gefundenem Glowtit konnte ich die Neonlampe weiterentwickeln. Das Energieaufwändige Innere habe ich durch eine neue Mischung ersetzt. Als Energiequelle benutzte ich hierfür Glowtit, welches in Kombination mit Glowstone (und einer einmaligen Energiezufuhr) ein Plasma ergibt. Dieses halte ich mit einem Magnetfeld im Inneren der Lampe, wo es permanent Licht abstrahlt.",
	"Diese Reaktion ist leider nicht besonders leistungsstark, für eine Lichtquelle jedoch ausreichend. Zudem braucht diese Lampe weder Energie noch Redstone-Signale, um zu funktionieren.",
	"Crafting:",
	{
		"type": "crafting",
		"slots": {
			"1": [{"name":"fp:color_glas", "meta":0},{"name":"fp:color_glas", "meta":1},{"name":"fp:color_glas", "meta":2},{"name":"fp:color_glas", "meta":3},{"name":"fp:color_glas", "meta":4},{"name":"fp:color_glas", "meta":5},{"name":"fp:color_glas", "meta":6},{"name":"fp:color_glas", "meta":7},{"name":"fp:color_glas", "meta":8},{"name":"fp:color_glas", "meta":9},{"name":"fp:color_glas", "meta":10},{"name":"fp:color_glas", "meta":11},{"name":"fp:color_glas", "meta":12},{"name":"fp:color_glas", "meta":13},{"name":"fp:color_glas", "meta":14},{"name":"fp:color_glas", "meta":15}],
			"2": {"OreDict":"ingotMagnetite"},
			"3": [{"name":"fp:color_glas", "meta":0},{"name":"fp:color_glas", "meta":1},{"name":"fp:color_glas", "meta":2},{"name":"fp:color_glas", "meta":3},{"name":"fp:color_glas", "meta":4},{"name":"fp:color_glas", "meta":5},{"name":"fp:color_glas", "meta":6},{"name":"fp:color_glas", "meta":7},{"name":"fp:color_glas", "meta":8},{"name":"fp:color_glas", "meta":9},{"name":"fp:color_glas", "meta":10},{"name":"fp:color_glas", "meta":11},{"name":"fp:color_glas", "meta":12},{"name":"fp:color_glas", "meta":13},{"name":"fp:color_glas", "meta":14},{"name":"fp:color_glas", "meta":15}],
			"4": {"name":"minecraft:glowstone_dust"},
			"5": {"OreDict":"ingotGlowtite"},
			"6": {"name":"minecraft:glowstone_dust"},
			"7": [{"name":"fp:color_glas", "meta":0},{"name":"fp:color_glas", "meta":1},{"name":"fp:color_glas", "meta":2},{"name":"fp:color_glas", "meta":3},{"name":"fp:color_glas", "meta":4},{"name":"fp:color_glas", "meta":5},{"name":"fp:color_glas", "meta":6},{"name":"fp:color_glas", "meta":7},{"name":"fp:color_glas", "meta":8},{"name":"fp:color_glas", "meta":9},{"name":"fp:color_glas", "meta":10},{"name":"fp:color_glas", "meta":11},{"name":"fp:color_glas", "meta":12},{"name":"fp:color_glas", "meta":13},{"name":"fp:color_glas", "meta":14},{"name":"fp:color_glas", "meta":15}],
			"8": {"OreDict":"ingotMagnetite"},
			"9": [{"name":"fp:color_glas", "meta":0},{"name":"fp:color_glas", "meta":1},{"name":"fp:color_glas", "meta":2},{"name":"fp:color_glas", "meta":3},{"name":"fp:color_glas", "meta":4},{"name":"fp:color_glas", "meta":5},{"name":"fp:color_glas", "meta":6},{"name":"fp:color_glas", "meta":7},{"name":"fp:color_glas", "meta":8},{"name":"fp:color_glas", "meta":9},{"name":"fp:color_glas", "meta":10},{"name":"fp:color_glas", "meta":11},{"name":"fp:color_glas", "meta":12},{"name":"fp:color_glas", "meta":13},{"name":"fp:color_glas", "meta":14},{"name":"fp:color_glas", "meta":15}],
			"out": [{"name":"fp:color_plasma_on", "meta":0, "size":4},{"name":"fp:color_plasma_on", "meta":1, "size":4},{"name":"fp:color_plasma_on", "meta":2, "size":4},{"name":"fp:color_plasma_on", "meta":3, "size":4},{"name":"fp:color_plasma_on", "meta":4, "size":4},{"name":"fp:color_plasma_on", "meta":5, "size":4},{"name":"fp:color_plasma_on", "meta":6, "size":4},{"name":"fp:color_plasma_on", "meta":7, "size":4},{"name":"fp:color_plasma_on", "meta":8, "size":4},{"name":"fp:color_plasma_on", "meta":9, "size":4},{"name":"fp:color_plasma_on", "meta":10, "size":4},{"name":"fp:color_plasma_on", "meta":11, "size":4},{"name":"fp:color_plasma_on", "meta":12, "size":4},{"name":"fp:color_plasma_on", "meta":13, "size":4},{"name":"fp:color_plasma_on", "meta":14, "size":4},{"name":"fp:color_plasma_on", "meta":15, "size":4}]
		}
	},
	"Durch ein Redstone-Signal kann ich die Reaktion in der Plasmalampe jedoch so stark hemmen, dass kein Licht mehr abgestrahlt wird."
]