[
	"Ich habe eine sehr helle Lichtquelle entwickeln können, sie besteht aus einem Panzerglasgehäuse, aus dem ich die Luft abgesaugt habe. Im Inneren wird Neonenergie durch eine geeignete Spule geleitet, dadurch wird extrem fein gemahlener Neonstaub angeregt. In Verbindung mit aktivem Redstone-Staub löst dies eine interessante Reaktion aus, welche sehr viel Licht abgibt.",
	"Aufgrund des Aufbaus muss die Lampe sowohl mit Neonenergie als auch einem Redstone-Signal versorgt werden, um zu leuchten.",
	"Crafting:",
	{
		"type": "crafting",
		"slots": {
			"1": [{"name":"fp:color_glas", "meta":0},{"name":"fp:color_glas", "meta":1},{"name":"fp:color_glas", "meta":2},{"name":"fp:color_glas", "meta":3},{"name":"fp:color_glas", "meta":4},{"name":"fp:color_glas", "meta":5},{"name":"fp:color_glas", "meta":6},{"name":"fp:color_glas", "meta":7},{"name":"fp:color_glas", "meta":8},{"name":"fp:color_glas", "meta":9},{"name":"fp:color_glas", "meta":10},{"name":"fp:color_glas", "meta":11},{"name":"fp:color_glas", "meta":12},{"name":"fp:color_glas", "meta":13},{"name":"fp:color_glas", "meta":14},{"name":"fp:color_glas", "meta":15}],
			"2": {"OreDict":"dustNeon"},
			"3": [{"name":"fp:color_glas", "meta":0},{"name":"fp:color_glas", "meta":1},{"name":"fp:color_glas", "meta":2},{"name":"fp:color_glas", "meta":3},{"name":"fp:color_glas", "meta":4},{"name":"fp:color_glas", "meta":5},{"name":"fp:color_glas", "meta":6},{"name":"fp:color_glas", "meta":7},{"name":"fp:color_glas", "meta":8},{"name":"fp:color_glas", "meta":9},{"name":"fp:color_glas", "meta":10},{"name":"fp:color_glas", "meta":11},{"name":"fp:color_glas", "meta":12},{"name":"fp:color_glas", "meta":13},{"name":"fp:color_glas", "meta":14},{"name":"fp:color_glas", "meta":15}],
			"4": {"name":"minecraft:redstone"},
			"5": {"name":"fp:spaceship", "meta":"<spaceship.NeonCoil>"},
			"6": {"name":"minecraft:redstone"},
			"7": [{"name":"fp:color_glas", "meta":0},{"name":"fp:color_glas", "meta":1},{"name":"fp:color_glas", "meta":2},{"name":"fp:color_glas", "meta":3},{"name":"fp:color_glas", "meta":4},{"name":"fp:color_glas", "meta":5},{"name":"fp:color_glas", "meta":6},{"name":"fp:color_glas", "meta":7},{"name":"fp:color_glas", "meta":8},{"name":"fp:color_glas", "meta":9},{"name":"fp:color_glas", "meta":10},{"name":"fp:color_glas", "meta":11},{"name":"fp:color_glas", "meta":12},{"name":"fp:color_glas", "meta":13},{"name":"fp:color_glas", "meta":14},{"name":"fp:color_glas", "meta":15}],
			"8": {"OreDict":"dustNeon"},
			"9": [{"name":"fp:color_glas", "meta":0},{"name":"fp:color_glas", "meta":1},{"name":"fp:color_glas", "meta":2},{"name":"fp:color_glas", "meta":3},{"name":"fp:color_glas", "meta":4},{"name":"fp:color_glas", "meta":5},{"name":"fp:color_glas", "meta":6},{"name":"fp:color_glas", "meta":7},{"name":"fp:color_glas", "meta":8},{"name":"fp:color_glas", "meta":9},{"name":"fp:color_glas", "meta":10},{"name":"fp:color_glas", "meta":11},{"name":"fp:color_glas", "meta":12},{"name":"fp:color_glas", "meta":13},{"name":"fp:color_glas", "meta":14},{"name":"fp:color_glas", "meta":15}],
			"out": [{"name":"fp:color_neon_on", "meta":0, "size":4},{"name":"fp:color_neon_on", "meta":1, "size":4},{"name":"fp:color_neon_on", "meta":2, "size":4},{"name":"fp:color_neon_on", "meta":3, "size":4},{"name":"fp:color_neon_on", "meta":4, "size":4},{"name":"fp:color_neon_on", "meta":5, "size":4},{"name":"fp:color_neon_on", "meta":6, "size":4},{"name":"fp:color_neon_on", "meta":7, "size":4},{"name":"fp:color_neon_on", "meta":8, "size":4},{"name":"fp:color_neon_on", "meta":9, "size":4},{"name":"fp:color_neon_on", "meta":10, "size":4},{"name":"fp:color_neon_on", "meta":11, "size":4},{"name":"fp:color_neon_on", "meta":12, "size":4},{"name":"fp:color_neon_on", "meta":13, "size":4},{"name":"fp:color_neon_on", "meta":14, "size":4},{"name":"fp:color_neon_on", "meta":15, "size":4}]
		}
	},
	"Für die Versorgung sollte sich ein Redstone-beschichtetes Neonkabel besonders gut eignen."
]