[
	"Ich habe eine komplexere Struktur aus Verbundmetall geschaffen, einen soliden Metallzaun.",
	"Crafting:",
	{
		"type": "crafting",
		"slots": {
			"1": {},
			"2": {},
			"3": {},
			"4": {"name":"fp:spaceship", "meta":"<spaceship.CompositeMetall>"},
			"5": {"name":"fp:spaceship", "meta":"<spaceship.IronStick>"},
			"6": {"name":"fp:spaceship", "meta":"<spaceship.CompositeMetall>"},
			"7": {"name":"fp:spaceship", "meta":"<spaceship.CompositeMetall>"},
			"8": {"name":"fp:spaceship", "meta":"<spaceship.IronStick>"},
			"9": {"name":"fp:spaceship", "meta":"<spaceship.CompositeMetall>"},
			"out": {"name":"fp:metal_fence", "meta":0, "size":3}
		}
	},	
	"Information: Der Block ist mit der Farbpistole färbbar/ sandstrahlbar."
]
