[
	"Ich habe weiter die erneuerbaren Energien erforscht und die Wasserkraft für mich entdeckt. Sie ist überall verfügbar und man kann sie an einigen Stellen mit geringem aufwand gut nutzen.",
    "Ich muss nur die Wasserturbine an einen Ort stellen, sodass viel Wasser über ihr ist und unten muss Platz sein damit das Wasser durch die Turbine fließen kann.",
	"Crafting:",
	{
		"type": "crafting",
		"slots": {
			"1": {"name":"fp:spaceship", "meta":"<spaceship.CompositeMetall>"},
			"2": {"name":"minecraft:iron_bars", "meta":0},
			"3": {"name":"fp:spaceship", "meta":"<spaceship.CompositeMetall>"},
			"4": {"name":"fp:spaceship", "meta":"<spaceship.NeonCoil>"},
			"5": [{"name":"fp:color_iron","meta":0},{"name":"fp:color_iron","meta":8},{"name":"fp:color_iron","meta":15}],
			"6": {"name":"fp:spaceship", "meta":"<spaceship.NeonCoil>"},
			"7": {"OreDict":"ingotZinc"},
			"8": {"name":"fp:spaceship", "meta":"<spaceship.Maschinboard>"},
			"9": {"OreDict":"ingotZinc"},
			"out": [{"name":"fp:wasser_turbine","meta":0},{"name":"fp:wasser_turbine","meta":1},{"name":"fp:wasser_turbine","meta":2}]
		}
	},
	"Unterstützte Chipsätze:",
	"Logikchipsatz\nIndustriechipsatz (Energiemenge)\nRedstonesteuerungschipsatz\nSchadenskontrollchipsatz"
]