[
	"Ich habe eine Energieform entdeckt, die sich grundlegend von meiner und der der Ungreifbaren unterscheidet. Diese fremde Energieform nennt sich Redstone Flux und arbeitet mit einer instabilen Form von Redstone. Ich habe deshalb versucht einen Konverter zu entwickeln.",
	"Dieser beruht auf einer Art Motor, der Neonenergie in die niedere Energieform umwandelt. Auf mich wirkt das ganze allerdings unberechenbar und gefährlich, ich traue dieser Technologie nicht wirklich.",
	"Aber wer weis, vieleicht muss ich diese Technologie irgendwann benutzen.",
    "Crafting:",
    {
        "type": "crafting",
        "slots": {
            "1": {"name":"fp:spaceship","meta":"<spaceship.CompositeMetall>"},
            "2": {"name":"fp:spaceship","meta":"<spaceship.IronStick>"},
            "3": {"name":"fp:spaceship","meta":"<spaceship.CompositeMetall>"},
            "4": {"name":"fp:spaceship","meta":"<spaceship.CopperCoil>"},
            "5": "OreDict:ingotMagnetite",
            "6": {"name":"fp:spaceship","meta":"<spaceship.CopperCoil>"},
            "7": "OreDict:ingotNeon",
            "8": [
                    {"name":"fp:color_luftung_step_half_0","meta":0},
                    {"name":"fp:color_luftung_step_half_0","meta":1},
                    {"name":"fp:color_luftung_step_half_0","meta":2},
                    {"name":"fp:color_luftung_step_half_0","meta":3},
                    {"name":"fp:color_luftung_step_half_0","meta":4},
                    {"name":"fp:color_luftung_step_half_0","meta":5},
                    {"name":"fp:color_luftung_step_half_0","meta":6},
                    {"name":"fp:color_luftung_step_half_0","meta":7},
                    {"name":"fp:color_luftung_step_half_0","meta":8},
                    {"name":"fp:color_luftung_step_half_0","meta":9},
                    {"name":"fp:color_luftung_step_half_0","meta":10},
                    {"name":"fp:color_luftung_step_half_0","meta":11},
                    {"name":"fp:color_luftung_step_half_0","meta":12},
                    {"name":"fp:color_luftung_step_half_0","meta":13},
                    {"name":"fp:color_luftung_step_half_0","meta":14},
                    {"name":"fp:color_luftung_step_half_0","meta":15}
                 ],
            "9": "OreDict:ingotNeon",
            "out": {"name":"fp:neon_engine","meta":0}
        }
    },
    "Zur einfachen Handhabung habe ich den Neonmotor so konstruiert, dass man ihn mit Redstone beschalten kann. Außerdem braucht er eine Weile um hoch zu heizen, entsprechend der Temperatur steigert sich auch die RF Produktion."
]