[
	"Durch Beobachtung meiner Umwelt habe ich bemerkt, dass die meisten Prozesse ihre Energie mehr oder weniger direkt aus der Sonne beziehen. Deshalb habe ich experimentiert um meine Energie direkt aus der Sonnenstrahlung zu beziehen.",
	"Ich habe dabei einen Wechselwirkung zwischen Siliziumwafern und Sonnenlicht entdeckt, dabei entsteht an der Siliziumschicht eine Spannung, die von der Stärke der Strahlung abhängig ist.",

	"Crafting:",
	{
		"type": "crafting",
		"slots": {
			"1": {"name":"fp:spaceship", "meta":"<spaceship.Silizium>"},
			"2": {"name":"fp:spaceship", "meta":"<spaceship.Silizium>"},
			"3": {"name":"fp:spaceship", "meta":"<spaceship.Silizium>"},
			"4": {"OreDict":"ingotNeon"},
			"5": [{"name":"fp:color_iron","meta":0},{"name":"fp:color_iron","meta":8},{"name":"fp:color_iron","meta":15}],
			"6": {"OreDict":"ingotNeon"},
			"7": {"name":"fp:spaceship", "meta":"<spaceship.CompositeMetall>"},
			"8": {"name":"fp:spaceship", "meta":"<spaceship.Maschinboard>"},
			"9": {"name":"fp:spaceship", "meta":"<spaceship.CompositeMetall>"},
			"out": [{"name":"fp:solarpanel","meta":0},{"name":"fp:solarpanel","meta":1},{"name":"fp:solarpanel","meta":2}]
		}
	},
	"Mit Hilfe eines Computersystems kann ich,  durch Ausrichtung der Solarmodule und effizientere Umwandlung der Energie die Gesamtproduktion deutlich erhöhen.",
	"Durch die Erhöhung des \"Ram\"-Wertes wird diese Energie entsprechend schneller erzeugt und abgegeben.",
	
	"Unterstützte Chipsätze:",
	"Logikchipsatz\nIndustriechipsatz (Energiemenge)\nRedstonesteuerungschipsatz\nSchadenskontrollchipsatz"
]