[
	"Durch weitere Konstruktionsversuche mit Rohr und Kabel konnte ich eine Verbindung aus beiden erschaffen. Dazu habe ich in das Aluminiumgerüst des Rohrs zusätzliche Neonleiter eingebaut, damit habe ich ein Itemrohr erschaffen, welches auch Neonenergie leitet.",
	"Crafting:",
		{
		"type": "crafting",
		"slots": {
			"1": {},
			"2": {"OreDict":"ingotNeon"},
			"3": {},
			"4": {"name":"fp:pipe", "meta":0},
			"5": {"name":"fp:pipe", "meta":0},
			"6": {"name":"fp:pipe", "meta":0},
			"7": {},
			"8": {},
			"9": {},
			"out": {"name":"fp:pipe", "meta":2, "size":3}
		}
	},
	"Einstellungen: Mit dem Schraubendrehschlüssel kann ich einzelnen Seiten des Neonrohrs umstellen, damit sie sich nicht mehr mit anderen Rohren und Inventaren verbinden. (§lRechstklick§r auf die entsprechende Seite des Rohrs). Zudem gibt es hier noch einen dritten Modus, welcher durch einen Punkt auf der entsprechenden Seite darstellt wird, in diesem Modus wird nur die Neonenergie verbunden, Items allerdings nicht."

]