[
	"Durch Austausch der reagierenden Materialien konnte ich sowohl die Kapazität, als auch die Spannung erhöhen. Es scheint, dass es für jedes Materialpaar einen spezifischen Spannungswert gibt.",
	"Crafting:",
	{
		"type": "crafting",
		"slots": {
			"1": {},
			"2": [{"name":"fp:spaceship","meta":"<spaceship.CopperParts>"}],
			"3": {},
			"4": "OreDict:ingotAluminum",
			"5": "OreDict:ingotGold",
			"6": "OreDict:ingotAluminum",
			"7": "OreDict:ingotAluminum",
			"8": "OreDict:ingotGold",
			"9": "OreDict:ingotAluminum",
			"out": {"name":"fp:spaceship","meta":"<spaceship.LargeBaterie>"}
		}
	}
]
