[
	"Das natürlich vorkommende Redstone kann einfache Signale übertragen, durch die Integration des Redstonestaubes in die Ummantelung der Kabel, können diese nun zusätzlich auch Redstone-Signale übertragen.",
	"Zudem leiten diese Kabel das Signal wesentlich weiter als der lose Redstonestaub, verbinden sich aber wie gewohnt mit normalenm Redstone.",
	
	"Crafting:",
	{
		"type": "crafting",
		"slots": {
			"1": {},
			"2": {"OreDict":"dustRedstone"},
			"3": {},
			"4": {"name":"fp:wire", "meta":0},
			"5": {"name":"fp:wire", "meta":0},
			"6": {"name":"fp:wire", "meta":0},
			"7": {},
			"8": {},
			"9": {},
			"out": {"name":"fp:wire", "meta":1, "size":3}
		}
	},
	
	"Besonders praktisch sind diese Kabel um Maschinen und Lampen mit Signalen zu versorgen."
]