[
	"Diese Antenne ist eine simple und sehr praktische Erweiterung des Netzwerkes. Ich kann kabellos mein Netzwerk selbst in tiefe Höhlen und sogar durch Wände hindurch erweitern.",
	"Crafting:",
	{
		"type": "crafting",
		"slots": {
			"1": {"name":"fp:spaceship", "meta":"<spaceship.CopperCoil>"},
			"2": {"name":"fp:metal_fence"},
			"3": {"name":"fp:spaceship", "meta":"<spaceship.CopperCoil>"},
			"4": {"name":"fp:spaceship", "meta":"<spaceship.NeonCoil>"},
			"5": {"name":"fp:metal_fence"},
			"6": {"name":"fp:spaceship", "meta":"<spaceship.NeonCoil>"},
			"7": {"name":"fp:chip", "meta":"<chip.LogicChip>"},
			"8": [{"name":"fp:color_iron", "meta":0},{"name":"fp:color_iron", "meta":8},{"name":"fp:color_iron", "meta":15}],
			"9": {"name":"fp:chip", "meta":"<chip.LogicChip>"},
			"out": [{"name":"fp:antenne", "meta":0, "size":1},{"name":"fp:antenne", "meta":1, "size":1},{"name":"fp:antenne", "meta":2, "size":1}]
		}
	},
	"Die Reichweite einer Antenne ergibt sich aus den verbundenen Metall Blöcken zusammen mit den Metall Blöcken der Empfangsantenne."
]