[
	"Das natürlich vorkommende Redstone kann einfache Signale übertragen, durch die Integration des Redstonestaubes in das Aluminiumgerüst der Rohre, können diese nun zusätzlich auch Redstone-Signale übertragen.",
	"Zudem leiten diese Kabel das Signal wesentlich weiter als der lose Redstonestaub, verbinden sich aber wie gewohnt mit normalenm Redstone.",
	
	"Crafting:",
	{
		"type": "crafting",
		"slots": {
			"1": {},
			"2": {"OreDict":"dustRedstone"},
			"3": {},
			"4": {"name":"fp:pipe", "meta":0},
			"5": {"name":"fp:pipe", "meta":0},
			"6": {"name":"fp:pipe", "meta":0},
			"7": {},
			"8": {},
			"9": {},
			"out": {"name":"fp:pipe", "meta":1, "size":3}
		}
	},
	
	"Besonders praktisch sind diese Rohre um Maschinen mit Signalen zu versorgen.",
	"Einstellungen: Mit dem Schraubendrehschlüssel kann ich einzelnen Seiten des Rohrs umstellen, damit sie sich nicht mehr mit anderen Rohren und Inventaren verbinden. (§lRechstklick§r auf die entsprechende Seite des Rohrs)  Zudem gibt es hier noch einen dritten Modus, welcher durch einen Punkt auf der entsprechenden Seite darstellt wird, in diesem Modus werden nur die Redstonesingale übertragen (auch zu Machienen), Items allerdings nicht."
]