[
	"Die von meinen Maschinen produzierten Supportpunkte kann ich nicht einfach Transportieren, da es eigentlich nur Daten sind. Deshalb habe ich eine Art Flash-Speicher entwickelt, in denen ich eine gewisse Menge der Supportpunkte aufbewahren und transportieren kann.",
	"Dieser sehr einfache Redstone-Speicher beruht auf winzigen Redstoneelementen die je 2 Zustände annehmen können, diese Zellen sind jedoch sehr anfällig gegen physische und elektrische Einflüsse. Deshalb habe ich die Speicheranordnung in ein Goldgehäuse eingebettet, dieses ist korrosionsresistent und durch seine Leitfähigkeit auch ein guter Schutz gegen elektrische Felder.",
	"Zur Organisation und zum Zugriff auf den Speicher genügt ein einfacher Logikchipsatz mit entsprechendem Programm.",
	
	"Assembly:",
	{
		"type": "assembly",
		"slots": {
			"in1": {"name":"fp:chip","meta":0,"size":1},
			"in2": {"OreDict":"ingotGold","size":1},
			"in3": {"OreDict":"dustRedstone","size":1},
			"out": {"name":"fp:spaceship", "meta":"<spaceship.SupportSpeicher0>", "size":1}
		}
	},
	"Kapazität: 128 SP",
	
	"Information: Folgender Slot ist, falls in einer Maschine vorhanden zum Laden/Entladen von Flashspeichern.",
	{
		"type":"image",
		"width":32,
		"height":32,
		"resource":"fp:textures/research/slot_support.png"
	}
	
]