[
	"Ich hab den einfachen Weitertransport des Itemschiebers erweitert, um Items gezielt umleiten zu können. Ein Computersystem analysiert dabei ein hineingefülltes Item und entscheidet dann zu welcher Seite es das Item weiterleitet wird.",
	"Die Seite mit den grünen Pfeilen ist dabei der Itemeingang und die mit den roten Pfeilen der Ausgang für Blocke, die zu keiner Kategorie zugeordnet werden konnten. In der GUI der Maschine ist dabei links ein Itempuffer und rechts 4 unterschiedlich gefärbte Filter-Kategorien. Dieselben Farbmarkierungen sind auch an der Außenseite zu finden. Wenn also ein Item zu einer der Filter-Kategorien passt wird es zu dieser Seite geleitet.",
	"Für diese Arbeit braucht die Maschine Neonenergie, wobei sich hierfür besonders die Neonrohre empfehlen.",

	"Crafting:",
	{
		"type": "crafting",
		"slots": {
			"1": {"name":"fp:spaceship", "meta":"<spaceship.CompositeMetall>"},
			"2": {"OreDict":"dyeGreen"},
			"3": {"name":"fp:spaceship", "meta":"<spaceship.CompositeMetall>"},
			"4": {"OreDict":"dyeBlue"},
			"5": {"name":"fp:spaceship", "meta":"<spaceship.Maschinboard>"},
			"6": {"OreDict":"dyeYellow"},
			"7": {"name":"fp:spaceship", "meta":"<spaceship.CompositeMetall>"},
			"8": {"OreDict":"dyeRed"},
			"9": {"name":"fp:spaceship", "meta":"<spaceship.CompositeMetall>"},
			"out": {"name":"fp:sorter", "meta":0, "size":1}
		}
	},
	
	"Modifikation:",
	"Durch die Erhöhung des \"Ram\"-Wertes, kann der Itemdurchsatz erhöht werden.",
	
	"Unterstützte Chipsätze:",
	"Logikchipsatz\nIndustriechipsatz (Stapelgröße)\nSchadenskontrollchipsatz"
]