[
	"Mit den Flshspeichern kann ich Supportpunkte von Hand transportieren und dauerhaft aufbewahren, allerdings sind diese kaum als automatisierte Speicher geeignet. Deshalb habe ich mehrere Flashspeicher und ein Verwaltungssystem zu einem Flashserver verbunden.",
	"Diese Speichereinheit kann ich je nach Einstellung als Sammler, Quelle oder Puffer benutzen. Zudem habe ich im inneren Anschlüsse zum Laden/Entladen von Hand und zur dauerhaften vergrößerung der Kapazität (4 Slots) vorgesehen.",
	"Der Flashserver wird vor allem in meinen modernen Systemen wichtig sein, da ich nicht alle Maschinen mit einer Einheit zum Lesen von Flashspeichern versehen kann.",
	"Crafting:",
	{
		"type": "crafting",
		"slots": {
			"1": {"name":"fp:spaceship", "meta":"<spaceship.SupportSpeicher2>"},
			"2": {"name":"minecraft:chest"},
			"3": {"name":"fp:spaceship", "meta":"<spaceship.SupportSpeicher2>"},
			"4": {"name":"fp:chip", "meta":"<chip.SupportChip>"},
			"5": [{"name":"fp:color_iron", "meta":0},{"name":"fp:color_iron", "meta":8},{"name":"fp:color_iron", "meta":15}],
			"6": {"name":"fp:chip", "meta":"<chip.SupportChip>"},
			"7": {"name":"fp:spaceship", "meta":"<spaceship.SupportSpeicher2>"},
			"8": {"name":"fp:wire", "meta":3},
			"9": {"name":"fp:spaceship", "meta":"<spaceship.SupportSpeicher2>"},
			"out": [{"name":"fp:flash_server", "meta":2, "size":1},{"name":"fp:flash_server", "meta":6, "size":1},{"name":"fp:flash_server", "meta":10, "size":1}]
		}
	},
	"Eigenkapazität: 2048 SP",
	"Einstellungen: Mit dem \"Logistikeditor\" können die Seiten des Blocks als Supportausgang oder Supporteingang eingestellt werden."
]