[
	"Ich habe eine Maschine entwickelt, welche es mir erlaubt Items aus Inventaren zu ziehen und sie weiterzuleiten. Diese Erfindung ist prinzipiell eine Kombination aus Trichter und Werfer.",
	"Der Itemschieber kann dabei in alle 6 Richtungen ausgerichtet werden, dabei ist die Seite mit den grünen Pfeilen der Eingang und die mit den schwarzen Punkt der Ausgang. Sobald die Maschine einen Redstone-Impuls erhält, transportiert sie einen Itemstack aus dem Block vor dem Eingang in den vor dem Ausgang.",

	"Crafting:",
	{
		"type": "crafting",
		"slots": {
			"1": {"OreDict":"ingotAluminum"},
			"2": {"OreDict":"ingotAluminum"},
			"3": {"OreDict":"ingotAluminum"},
			"4": {"name":"minecraft:chest", "meta":0},
			"5": {"OreDict":"dustRedstone"},
			"6": {"name":"minecraft:bow", "meta":0},
			"7": {"OreDict":"ingotAluminum"},
			"8": {"OreDict":"ingotAluminum"},
			"9": {"OreDict":"ingotAluminum"},
			"out": {"name":"fp:pucher", "meta":0, "size":1}
		}
	}
]