[
	"Um Prozessor, Speicher und Chipsätze zu verbinden, habe ich eine große, nicht leitende Quarzplatte mit zahlreichen Verbindungen, Steckplätzen und Stromversorgungseinheiten versehen.",
	"Crafting:",
	{
		"type": "crafting",
		"slots": {
			"1": {"name":"fp:spaceship", "meta":"<spaceship.QuartzParts>"},
			"2": [{"name":"fp:ram","meta":0}],
			"3": {"name":"fp:spaceship", "meta":"<spaceship.QuartzParts>"},
			"4": {"name":"fp:spaceship", "meta":"<spaceship.CopperCoil>"},
			"5": [{"name":"fp:core","meta":0}],
			"6": {"name":"fp:spaceship", "meta":"<spaceship.CopperCoil>"},
			"7": {"name":"fp:spaceship", "meta":"<spaceship.QuartzParts>"},
			"8": [{"name":"fp:chip","meta":0}],
			"9": {"name":"fp:spaceship", "meta":"<spaceship.QuartzParts>"},
			"out": {"name":"fp:spaceship","meta":"<spaceship.Maschinboard>"}
		}
	},
	
	"Information:",
	"Bei der Herstellung können beliebige Prozessoren, Speicher und Chipsätze kombiniert werden. Alle Komponenten sind später austauschbar (siehe \"Übertakten\")! Es kann allerdings passieren das eine unpassende Kombination beim der Inbetriebnahme nicht sofort funktioniert oder beginnt zu Überhitzen.",
	
]