[
	"Eine Drahtspule durch die man große Mengen Energie leitet wird sich erhitzen. Aus diesem Prinzip konnte ich einen energiebetriebenen Ofen entwickeln, das Computersystem ist dabei für die Temperaturregelung notwendig um die maximale Hitze zu erzeugen, ohne die Spulen zu zerstören. Durch entsprechendes Tuning des Computersystems kann dieser Ofen sehr effektiv werden.",
	
	"Crafting:",
	{
		"type": "crafting",
		"slots": {
			"1": {"name":"fp:spaceship", "meta":"<spaceship.IronCoil>"},
			"2": {"name":"minecraft:furnace"},
			"3": {"name":"fp:spaceship", "meta":"<spaceship.GoldCoil>"},
			"4": {"OreDict":"ingotNeon"},
			"5": [{"name":"fp:color_iron","meta":0},{"name":"fp:color_iron","meta":8},{"name":"fp:color_iron","meta":15}],
			"6": {"OreDict":"ingotNeon"},
			"7": {"name":"fp:spaceship", "meta":"<spaceship.CompositeMetall>"},
			"8": {"name":"fp:spaceship", "meta":"<spaceship.Maschinboard>"},
			"9": {"name":"fp:spaceship", "meta":"<spaceship.CompositeMetall>"},
			"out": [{"name":"fp:e_furnace","meta":2},{"name":"fp:e_furnace","meta":6},{"name":"fp:e_furnace","meta":10}]
		}
	},
	
	"Unterstützte Chipsätze:",
	"Logikchipsatz\nTransportchipsatz\nRedstonesteuerungschipsatz\nUnterstützungschipsatz\nUltimativer Chipsatz\nSchadenskontrollchipsatz"
	
]