[
	"Diamanten sind das bisher härteste Material das ich kenne, ich kann mit einem entsprechenden Konstrukt aus diesem Material sämtliche mir bekannten Barren, Erze und Kristalle zu feinem Staub mahlen. Aus diesem Prinzip konnte ich eine Maschine entwickeln, welche diese Aufgabe automatisiert ausführt.",
	
	"Crafting:",
	{
		"type": "crafting",
		"slots": {
			"1": {"OreDict":"gemDiamond"},
			"2": {"name":"fp:spaceship", "meta":"<spaceship.DiaParts>"},
			"3": {"OreDict":"gemDiamond"},
			"4": {"OreDict":"ingotNeon"},
			"5": [{"name":"fp:color_iron","meta":0},{"name":"fp:color_iron","meta":8},{"name":"fp:color_iron","meta":15}],
			"6": {"OreDict":"ingotNeon"},
			"7": {"name":"fp:spaceship", "meta":"<spaceship.CompositeMetall>"},
			"8": {"name":"fp:spaceship", "meta":"<spaceship.Maschinboard>"},
			"9": {"name":"fp:spaceship", "meta":"<spaceship.CompositeMetall>"},
			"out": [{"name":"fp:crusher","meta":2},{"name":"fp:crusher","meta":6},{"name":"fp:crusher","meta":10}]
		}
	},
		
	"Dazu setzte ich ein diamantenbesetztes Mahlwerk ein, welches durch ein Computersystem gesteuert wird und so die genannten Materialien mahlen kann ohne sich erwähnenswert abzunutzen.",
	"Zudem habe ich erkannt das ich durch dieses Verfahren die Ausbeute aus Roherzen verdoppeln kann und auch Kristalle kann ich mahlen um sie ohne Kohleaufwand zu verarbeiten, natürlich muss ich den erzeugten Staub danach noch zu Barren einschmelzen.",
		
	"Unterstützte Chipsätze:",
	"Logikchipsatz\nTransportchipsatz\nRedstonesteuerungschipsatz\nUltimativer Chipsatz\nSchadenskontrollchipsatz"
	
]