[
	"Mit Hilfe meiner Zentrifuge kann ich Pflanzenreste und organisches Material verarbeiten, um Spuren von wertvolleren Materialien zu extrahieren.",
	"Insbesondere bleiben dabei als Reste:",
	"Hackschnitzel: Brennbare Holzreste",
	"Kompost: Pflanzenreste, benutzbar als Dünger",
	"Biopolymer: High-Tec, Rohstoff aus Pflanzenfasern",
	"Ich kann dieses Verfahren auf Erden und verschiedenste Pflanzen anwenden, für farbstoffhaltige Pflanzen benötige ich allerdings ein besseres Verfahren.",
	"Beispiele:",
    {
        "type":"zentrifuge",
        "slots":
        {
            "in":{"name":"minecraft:dirt", "meta":0, "size":8},
            "out1":{"name":"minecraft:gravel", "size":4, "meta":0},
            "out2":{"name":"minecraft:clay_ball", "size":2, "meta":0},
            "out3":{"name":"fp:spaceship", "size":1, "meta":"<spaceship.Kompost>"}
        },
	    "support":0,
	    "time":100
    },
	{
        "type":"zentrifuge",
        "slots":
        {
            "in":{"name":"minecraft:sapling", "size":2},
            "out1":{"name":"fp:spaceship", "size":1, "meta":"<spaceship.HackSchnitzel>"},
            "out2":{"name":"fp:spaceship", "size":1, "meta":"<spaceship.Kompost>"},
            "out3":{}
        },
	    "support":0,
	    "time":200
    },
	{
        "type":"zentrifuge",
        "slots":
        {
            "in":{"name":"minecraft:clay_ball", "meta":0, "size":16},
            "out1":{"name":"minecraft:sand", "size":3, "meta":0},
            "out2":{"OreDict":"dustIron", "size":1},
            "out3":{"name":"fp:spaceship", "size":2, "meta":"<spaceship.Kompost>"}
        },
	    "support":0,
	    "time":200
    },
	
    "Information: Die Zentrifuge hat sehr viele Rezepte, es werden hier nicht alle aufgelistet!"
]