[
	"Durch Experimente mit verschiedenen Materialien habe ich versucht eine neue Möglichkeit gefunden Informationen zu übertragen. Dieses Material ist eine Verbindung aus Redstone und Neonstrukturen.",
	"Durch ein spezielles Schmelzverfahren habe ich ein eleatisches Material erschaffen, welches Impulse extrem schnell und verlustfrei überträgt. Ich sollte nach Verwendungen für diese seltsame Subtanz suchen.",
	
	{
		"type": "industrialneonfurnace",
		"slots": {
			"in1":  {"OreDict":"ingotNeon", "size":1},
			"in2":  {"OreDict":"dustRedstone", "size":1},
			"in3":  {},
			"out1": {"OreDict":"ingotWakurum", "size":1},
			"out2": {},
			"out3": {}
		},
		"support":0
	}
		
]