[
	"Aus einer Kombination von Neonteilen, welche hierbei als kurzzeitige Energiespeicher dienen und einer Steuereinheit aus mit Eisen verunreinigtem Silizium konnte ich eine Art Speicher entwickeln.",
	"Diese Art von Speichereinheit ist relativ schnell, allerdings müssen alle Daten immer wieder neu geschrieben werden, bevor sich die Ladung der winzigen Energiespeicher vollständig abgebaut hat.",
		"Assembly:",
	{
		"type": "assembly",
		"slots": {
			"in1": {"name":"fp:spaceship", "meta":"<spaceship.Silizium>"},
			"in2": {"name":"fp:spaceship", "meta":"<spaceship.NeonParts>"},
			"in3": {"OreDict":"ingotIron"},
			"out": {"name":"fp:ram", "meta":0, "size":1}
		}
	},
		
	"Information:",
	"Diese Arbeitsspeicher haben 2 entscheidende Werte: ihre Geschwindigkeit (§lRam§r), welche die allgemeine Geschwindigkeit des Systems angibt (siehe Mainboard) und ihre Kosten (§lCorepower§r), welche den Leistungsanspruch an den Prozessor angibt."
]