[
	"Das größte Problem bei der Raumfahrt ist neben dem Masse-Treibstoff Verhältnis, die Tatsache das Treibstoff auch sicher gelagert werden muss, damit er kein Risiko darstellt.",
    "Deshalb habe ich Treibstofftanks entwickelt, die bis zu 8000mB fassen können. Zusätzlich kann man noch 21 Raketentreibstoff in fester Form einlegen.",
    "Crafting:",
    {
        "type": "crafting",
        "slots": {
            "1": {"name":"fp:spaceship","meta":"<spaceship.Tank>"},
            "2": {"OreDict":"ingotAluminum"},
            "3": {"OreDict":"ingotAluminum"},
            "4": {"name":"fp:spaceship","meta":"<spaceship.Tank>"},
            "5": {"name":"fp:spaceship","meta":"<spaceship.IronStick>"},
            "6": "chest",
            "7": {"name":"fp:spaceship","meta":"<spaceship.Tank>"},
            "8": {"OreDict":"ingotAluminum"},
            "9": {"OreDict":"ingotAluminum"},
            "out": {"name":"fp:fuelcell","meta":0}
        }
    },
    "Die Tanks müssen nicht extra mit den Triebwerken verbunden werden, es reicht eine einfache Verbindung zum Schiff aus."

]