[
	"Ich habe einen Elektromagnet entwickelt der deutlich stärker ist, als ein normaler Magnetblock. Im Gegensatz zu diesem braucht er allerdings Neonenergie. Außerdem kann man in mir Redstonesignalen ein- und ausschalten.",
	"Crafting:",
	{
		"type": "crafting",
		"slots": {
			"1": {"name":"fp:spaceship","meta":"<spaceship.CopperCoil>"},
			"2": {"name":"fp:magnet","meta":0},
			"3": {"name":"fp:spaceship","meta":"<spaceship.CopperCoil>"},
			"4": {"name":"fp:spaceship","meta":"<spaceship.CompositeMetall>"},
			"5": {"name":"fp:color_iron","meta":15},
			"6": {"name":"fp:spaceship","meta":"<spaceship.CompositeMetall>"},
			"7": "OreDict:ingotNeon",
			"8": {"name":"fp:spaceship","meta":"<spaceship.Maschinboard>"},
			"9": "OreDict:ingotNeon",
			"out": {"name":"fp:elektro_magnet","meta":0}
		}
	},
	"Dieser Magnetblock wird über ein Computersystem gesteuert, um die Spule von einer Überhitzung abzuhalten und um die magnetische Intensität besser steuern zu können. Es sollte beachtet werden, dass die Geschwindigkeit des Rams die Frequenz des Magnetfelds bestimmt. Dadurch kann durch Interferenzen das Magnetfeld um einiges stärker werden, als normale Elektromagneten es erzeugen könnten.",
	"unterstützte Chipsätze:\nIndustriechipsatz"
	
]