[
	"Vor kurzen habe ich mir die Frage gestellt wie ich größere horizontale Distanzen zurücklegen kann. Das Ergebnis war ein Teleporter der mich nach oben und unter teleportieren kann.",
    "Crafting:",
    {
        "type": "crafting",
        "slots": {
            "1": "OreDict:ingotAluminum",
            "2": "OreDict:ingotAluminum",
            "3": "OreDict:ingotAluminum",
            "4": "OreDict:ingotNeon",
            "5": {"name":"fp:chip","meta":"<chip.LogisticChip>"},
            "6": "OreDict:ingotNeon",
            "7": "OreDict:ingotAluminum",
            "8": {"name":"fp:spaceship","meta":"<spaceship.LargeBaterie>"},
            "9": "OreDict:ingotAluminum",
            "out": {"name":"fp:beam","meta":3}
        }
    },
    "Der gelbe Teleporter ist das Basiselement. Man kann sich zwar zu ihm hin teleportieren, jedoch nicht wieder weg.",
    "Durch eine Enderperle kann man sich teleportieren. Wenn man sie mit Neonenergie versetzt und das Ziel stabilisiert kann man ihre Fähigkeiten nutzen, ohne dass die Perle dabei zerbricht.",
    "Crafting:",
    {
        "type": "crafting",
        "slots": {
            "1": "",
            "2": "ender_pearl",
            "3": "",
            "4": "",
            "5": {"name":"fp:beam","meta":3},
            "6": "",
            "7": "",
            "8": "",
            "9": "",
            "out": {"name":"fp:beam","meta":1}
        }
    },
    "Der grüne Teleporter kann nur nach oben teleportieren, dabei ist es egal ob über dem Teleporter nur ein normaler Teleporter ist oder ein Hoch- bzw. Runter- Teleporter.",
    "Crafting:",
    {
        "type": "crafting",
        "slots": {
            "1": "",
            "2": "",
            "3": "",
            "4": "",
            "5": {"name":"fp:beam","meta":3},
            "6": "",
            "7": "",
            "8": "ender_pearl",
            "9": "",
            "out": {"name":"fp:beam","meta":2}
        }
    },
    "Der rote Teleporter kann nur nach unter teleportieren. Auch hier ist die Art des Zielteleporters egal.",
    "Mir ist allerdings auch aufgefallen das mehr stöckige Gebäude sowohl eine Möglichkeit nach oben und nach unter haben.",
    "Crafting:",
    {
        "type": "crafting",
        "slots": {
            "1": "",
            "2": "",
            "3": "",
            "4": {"name":"fp:beam","meta":1},
            "5": {"name":"fp:spaceship","meta":"<spaceship.GoldCoil>"},
            "6": {"name":"fp:beam","meta":2},
            "7": "",
            "8": "",
            "9": "",
            "out": {"name":"fp:beam","meta":0}
        }
    },
    "Wenn man mit einem Schraubendrehschlüssel Rechtsklick auf einen doppelten Teleporter macht, dann teilt sich dieser und der unter Teil fliegt herunter bis er auf Boden stößt. Genau so kann man auch einfache zwei Teleporter wieder verbinden."
]