[
	"Mit Hilfe der tödlichen Laser, habe ich einen Geschützturm entwickelt. Dieser Visiert mit Hilfe des integrierten Computers automatisch alle Kreaturen in Reichweite an. Mit einem sehr starken Laserstrahl verwundet der Geschützturm diese dann in kürzester Zeit tödlich.",
	"Dabei verbraucht der Turm große Mengen Neonenergie, weshalb ich ihn mit einer Energiequelle verbinden sollte. Neben dem kontinuierlichen Verbrauch des Computersystems, benötigt das töten eines Lebewesens zusätzlich Energie (10 NE pro Lebenspunkt).",
	"Crafting:",
	{
		"type": "crafting",
		"slots": {
			"1": "OreDict:ingotAluminum",
			"2": {"name":"fp:spaceship","meta":"<spaceship.Laserdiode>"},
			"3": {"name":"fp:spaceship","meta":"<spaceship.LinseR>"},
			"4": {},
			"5": {"name":"fp:spaceship","meta":"<spaceship.IronStick>"},
			"6": {},
			"7": {"name":"fp:spaceship","meta":"<spaceship.NeonBaterie>"},
			"8": {"name":"fp:color_iron_step_half_0","meta":0},
			"9": {"name":"fp:spaceship","meta":"<spaceship.Maschinboard>"},
			"out": {"name":"fp:entity_eater","meta":1}
		}
	},
	"Der Laserturm wird über ein Computersystem gesteuert, das unter anderem die Zielerfassung und den Energiefluss regelt.",
	"Unterstützte Chipsätze:",
	"Industriechipsatz: Verringert die benötigte Energie zum töten einer Kreatur",
	"Taktikkontrollcipsatz: Erhöht den Radius in dem Ziele gesucht werden",
	"KI-Chipsatz: Ziele werden nicht getötet sondern nur schwer verletzt (1 Lebenspunkt übrig)"
	
]