[
	"Ich habe ein Werkzeug erfunden, das es mir erlaubt, meine Verbundmetall-Baumaterialen einzufärben.",
	"Es ist eine Sprühpistole, die das im Tank befindliche Material mittels Luftdruck beschleunigt und gleichmäßig ausstößt. Das Gerät ist sowohl zum Färben als auch zum Sandstrahlen geeignet. Für zweiteres kann ich jede Form von Sand oder Kies verwenden.",
	"Crafting:",
	{
		"type": "crafting",
		"slots": {
			"1": {"name":"fp:spaceship", "meta":"<spaceship.CompositeMetall>"},
			"2": {"name":"fp:spaceship", "meta":"<spaceship.CompositeMetall>"},
			"3": {"name":"fp:spaceship", "meta":"<spaceship.IronParts>"},
			"4": {"name":"fp:spaceship", "meta":"<spaceship.IronStick>"},
			"5": {"name":"minecraft:stone_button", "meta":0},
			"6": {},
			"7": {},
			"8": {},
			"9": {},
			"out": {"name":"fp:airBrush"}
		}
	},
	"Farbtanks (Shapeless):",
	{
		"type": "crafting",
		"slots": {
			"1": {"name":"minecraft:water_bucket"},
			"2": {"name":"fp:spaceship", "meta":"<spaceship.Tank>"},
			"3": {},
			"4": [{"name":"minecraft:dye", "meta":15},{"name":"minecraft:dye", "meta":14},{"name":"minecraft:dye", "meta":13},{"name":"minecraft:dye", "meta":12},{"name":"minecraft:dye", "meta":11},{"name":"minecraft:dye", "meta":10},{"name":"minecraft:dye", "meta":9},{"name":"minecraft:dye", "meta":8},{"name":"minecraft:dye", "meta":7},{"name":"minecraft:dye", "meta":6},{"name":"minecraft:dye", "meta":5},{"name":"minecraft:dye", "meta":4},{"name":"minecraft:dye", "meta":3},{"name":"minecraft:dye", "meta":2},{"name":"minecraft:dye", "meta":1},{"name":"minecraft:dye", "meta":0}],
			"5": [{"name":"minecraft:dye", "meta":15},{"name":"minecraft:dye", "meta":14},{"name":"minecraft:dye", "meta":13},{"name":"minecraft:dye", "meta":12},{"name":"minecraft:dye", "meta":11},{"name":"minecraft:dye", "meta":10},{"name":"minecraft:dye", "meta":9},{"name":"minecraft:dye", "meta":8},{"name":"minecraft:dye", "meta":7},{"name":"minecraft:dye", "meta":6},{"name":"minecraft:dye", "meta":5},{"name":"minecraft:dye", "meta":4},{"name":"minecraft:dye", "meta":3},{"name":"minecraft:dye", "meta":2},{"name":"minecraft:dye", "meta":1},{"name":"minecraft:dye", "meta":0}],
			"6": [{"name":"minecraft:dye", "meta":15},{"name":"minecraft:dye", "meta":14},{"name":"minecraft:dye", "meta":13},{"name":"minecraft:dye", "meta":12},{"name":"minecraft:dye", "meta":11},{"name":"minecraft:dye", "meta":10},{"name":"minecraft:dye", "meta":9},{"name":"minecraft:dye", "meta":8},{"name":"minecraft:dye", "meta":7},{"name":"minecraft:dye", "meta":6},{"name":"minecraft:dye", "meta":5},{"name":"minecraft:dye", "meta":4},{"name":"minecraft:dye", "meta":3},{"name":"minecraft:dye", "meta":2},{"name":"minecraft:dye", "meta":1},{"name":"minecraft:dye", "meta":0}],
			"7": {},
			"8": {},
			"9": {},
			"out": [{"name":"fp:lackTank0"},{"name":"fp:lackTank1"},{"name":"fp:lackTank2"},{"name":"fp:lackTank3"},{"name":"fp:lackTank4"},{"name":"fp:lackTank5"},{"name":"fp:lackTank6"},{"name":"fp:lackTank7"},{"name":"fp:lackTank8"},{"name":"fp:lackTank9"},{"name":"fp:lackTank10"},{"name":"fp:lackTank11"},{"name":"fp:lackTank12"},{"name":"fp:lackTank13"},{"name":"fp:lackTank14"},{"name":"fp:lackTank15"}]
		}
	},
	"Benutzung:",
	"§lShift + Rechtsklick§r öffnet das Inventar der Farbpistole, in den Slot kann dann ein Farbtank oder Sand/Kies eingelegt werden.",
	"§lRechtsklick§r auf einen Metall/Gitter - Block zum sprühen. Beim Sandstrahlen wird dabei der Block in seine unlackierte Form zurückverwandelt. Bei der Verwendung eines Farbtanks in entsprechender Farbe gefärbt.",
	"Ob ein Block färbbar ist erfährt man, in der zugehörigen Forschung. (oder durch probieren)",
	"Wichtig: Ein bereits lackierter Block, kann NICHT sofort in einer anderen Farbe lackiert werden. Die alte Farbe muss erst via Sandstrahlen entfernt werden."
]