[
	"Es ist immer so mühsam die Nutztiere zu füttern. Aber wenn ich das Futter in eine Granathülse quetsche, kann ich es viel einfacher im Gehege verteilen.",
	"Wenn ich die Hülsen mit Futter fülle, wird dieses beim Aufprall an alle Tiere im Bereich verteilt und macht diese paarungsbereit.",
	"In die Hülse passen 1-3 Einheiten Futter, somit kann ich die Größe der betroffene Fläche wählen. Jede Futtersorte ist dabei für jede Tierart geeignet.",
	
	"Crafting (shapeless):",
	"Stärke 1:",
	{
		"type": "crafting",
		"slots": {
			"1": {"name":"fp:grenade", "meta":0},
			"2": [{"name":"minecraft:wheat"},{"name":"minecraft:potato"}],
			"3": {},
			"4": {},
			"5": [{"name":"minecraft:apple"},{"name":"minecraft:carrot"}],
			"6": {},
			"7": {},
			"8": {},
			"9": {},
			"out": {"name":"fp:grenade", "meta":6, "size":1}
		}
	},
	"Stärke 2:",
	{
		"type": "crafting",
		"slots": {
			"1": {"name":"fp:grenade", "meta":0},
			"2": [{"name":"minecraft:wheat"},{"name":"minecraft:potato"}],
			"3": {},
			"4": [{"name":"minecraft:wheat"},{"name":"minecraft:potato"}],
			"5": [{"name":"minecraft:apple"},{"name":"minecraft:carrot"}],
			"6": {},
			"7": {},
			"8": {},
			"9": {},
			"out": {"name":"fp:grenade", "meta":6, "size":1}
		}
	},
	"Stärke 3:",
	{
		"type": "crafting",
		"slots": {
			"1": {"name":"fp:grenade", "meta":0},
			"2": [{"name":"minecraft:wheat"},{"name":"minecraft:potato"}],
			"3": [{"name":"minecraft:wheat"},{"name":"minecraft:potato"}],
			"4": [{"name":"minecraft:wheat"},{"name":"minecraft:potato"}],
			"5": [{"name":"minecraft:apple"},{"name":"minecraft:carrot"}],
			"6": {},
			"7": {},
			"8": {},
			"9": {},
			"out": {"name":"fp:grenade", "meta":6, "size":1}
		}
	}
]