[
	"Ich habe bemerkt dass ein Objekt mit großer Oberfläche durch die Luft gleitet, dies habe ich weiterentwickelt und einem Rucksack mit einer Art Fallschirm entwickelt.",
	"Wenn ich den Gleitschirm öffne entfaltetet er sich selbstständig und lässt mich langsam zu Boden gleiten.",

	"Crafting:",
	{
		"type": "crafting",
		"slots": {
			"1": {"name":"minecraft:carpet", "meta":0},
			"2": {"name":"minecraft:carpet", "meta":0},
			"3": {"name":"minecraft:carpet", "meta":0},
			"4": {"name":"minecraft:string"},
			"5": {},
			"6": {"name":"minecraft:string"},
			"7": {"name":"minecraft:leather"},
			"8": {"name":"minecraft:leather_chestplate"},
			"9": {"name":"minecraft:leather"},
			"out": {"name":"fp:gleiter"}
		}
	},
	
	"Im Fall kann der Gleiter mit drücken der \"F\"-Taste (einmal drücken, nicht halten) geöffnet werden. Durch erneutes drücken schließt sich der Fallschirm wieder.",
	"Info: Die Taste kann in den Einstellungen geändert werden."
]