[
	"Die einfache Granate ist sehr effektiv zum töten von Kreaturen, allerdings sorgt sie auch regelmäßig für Schäden an der Landschaft oder an Gebäuden.",
	"Eine Wolke aus Neonstaub kann ich allerdings mit Lohenstaub zünden, was eine extrem starken Plasmawelle auslöst. Diese schadet allerdings nur Lebewesen!",
	"In die Hülse passen 1-3 Einheiten Neonstaub, somit kann ich die stärke wählen.",
	
	"Crafting (shapeless):",
	"Stärke 1:",
	{
		"type": "crafting",
		"slots": {
			"1": {"name":"fp:grenade", "meta":0},
			"2": {"OreDict":"dustNeon"},
			"3": {},
			"4": {},
			"5": {"name":"minecraft:blaze_powder"},
			"6": {},
			"7": {},
			"8": {},
			"9": {},
			"out": {"name":"fp:grenade", "meta":3, "size":1}
		}
	},
	"Stärke 2:",
	{
		"type": "crafting",
		"slots": {
			"1": {"name":"fp:grenade", "meta":0},
			"2": {"OreDict":"dustNeon"},
			"3": {},
			"4": {"OreDict":"dustNeon"},
			"5": {"name":"minecraft:blaze_powder"},
			"6": {},
			"7": {},
			"8": {},
			"9": {},
			"out": {"name":"fp:grenade", "meta":3, "size":1}
		}
	},
	"Stärke 3:",
	{
		"type": "crafting",
		"slots": {
			"1": {"name":"fp:grenade", "meta":0},
			"2": {"OreDict":"dustNeon"},
			"3": {"OreDict":"dustNeon"},
			"4": {"OreDict":"dustNeon"},
			"5": {"name":"minecraft:blaze_powder"},
			"6": {},
			"7": {},
			"8": {},
			"9": {},
			"out": {"name":"fp:grenade", "meta":3, "size":1}
		}
	}
]