[
	"Nicht immer muss ich das Ziel töten, manchmal reicht  es sie Bewegungsunfähig zu machen.",
	"Wenn ich die Hülsen mit klebrigem Schleim fülle, sind die getroffenen Ziele kurzzeitig extrem verlangsamt.",
	"In die Hülse passen 1-3 Einheiten Schleim, somit kann ich die Größe der betroffene Fläche wählen.",
	
	"Crafting (shapeless):",
	"Stärke 1:",
	{
		"type": "crafting",
		"slots": {
			"1": {"name":"fp:grenade", "meta":0},
			"2": {"name":"minecraft:slime_ball"},
			"3": {},
			"4": {},
			"5": {},
			"6": {},
			"7": {},
			"8": {},
			"9": {},
			"out": {"name":"fp:grenade", "meta":4, "size":1}
		}
	},
	"Stärke 2:",
	{
		"type": "crafting",
		"slots": {
			"1": {"name":"fp:grenade", "meta":0},
			"2": {"name":"minecraft:slime_ball"},
			"3": {},
			"4": {"name":"minecraft:slime_ball"},
			"5": {},
			"6": {},
			"7": {},
			"8": {},
			"9": {},
			"out": {"name":"fp:grenade", "meta":4, "size":1}
		}
	},
	"Stärke 3:",
	{
		"type": "crafting",
		"slots": {
			"1": {"name":"fp:grenade", "meta":0},
			"2": {"name":"minecraft:slime_ball"},
			"3": {"name":"minecraft:slime_ball"},
			"4": {"name":"minecraft:slime_ball"},
			"5": {},
			"6": {},
			"7": {},
			"8": {},
			"9": {},
			"out": {"name":"fp:grenade", "meta":4, "size":1}
		}
	}
]