[
	"Ich habe den \"Entity Egger\" weiterentwickelt. Warum soll man das gleiche Prinzip nicht auch auf Blöcke anwenden können? Jedoch kann ich damit nur Monster-Spawner mitnehmen, denn bei einer Truhe hatte ich Angst, durch die extreme Komprimierung moglicherweise ein schwarzes Loch zu erzeugen.",
	"Assembly:",
	{
		"type": "assembly",
		"slots": {
			"in1": {"name":"minecraft:slime_ball","meta":0,"size":1},
			"in2": {"name":"minecraft:chest","meta":0,"size":1},
			"in3": {"name":"fp:chip","meta":"<chip.LogicChip>","size":1},
			"out": {"name":"fp:entityEgger", "meta":2, "size":1}
		}
	},
	"Mit der \"Spawner Truhe\" kann man auf einen Spawner klicken, der dann im Item gespeichert wird, danach kann man ihn überall platzieren."
]