[
	"Manchmal braucht man auch einfach einen Großbrand.",
	"Wenn ich die Hülsen mit Lohenstaub fülle, wird dieser beim Aufprall verteilt und gezündet. Dies steckt den entsprechenden Bereich in Brand.",
	"In die Hülse passen 1-3 Einheiten Lohenstaub, somit kann ich die Größe der betroffene Fläche wählen.",
	
	"Crafting (shapeless):",
	"Stärke 1:",
	{
		"type": "crafting",
		"slots": {
			"1": {"name":"fp:grenade", "meta":0},
			"2": {"name":"minecraft:blaze_powder"},
			"3": {},
			"4": {},
			"5": {},
			"6": {},
			"7": {},
			"8": {},
			"9": {},
			"out": {"name":"fp:grenade", "meta":1, "size":1}
		}
	},
	"Stärke 2:",
	{
		"type": "crafting",
		"slots": {
			"1": {"name":"fp:grenade", "meta":0},
			"2": {"name":"minecraft:blaze_powder"},
			"3": {},
			"4": {"name":"minecraft:blaze_powder"},
			"5": {},
			"6": {},
			"7": {},
			"8": {},
			"9": {},
			"out": {"name":"fp:grenade", "meta":1, "size":1}
		}
	},
	"Stärke 3:",
	{
		"type": "crafting",
		"slots": {
			"1": {"name":"fp:grenade", "meta":0},
			"2": {"name":"minecraft:blaze_powder"},
			"3": {"name":"minecraft:blaze_powder"},
			"4": {"name":"minecraft:blaze_powder"},
			"5": {},
			"6": {},
			"7": {},
			"8": {},
			"9": {},
			"out": {"name":"fp:grenade", "meta":1, "size":1}
		}
	}
]