[
	"Mit Hilfe von Spulen durch die ich Energie leite kann ich metallische Objekte weg-katapultieren. Durch einen Lauf und gezielter Ausrichtung der Spulen kann ich so Geschosse über große Distanz verschießen.",
	"Aus diesem Experiment habe ich eine wirkungsvolle Waffe entwickelt. Mit der ich je nach Ladezeit Geschosse beliebig stark beschleunigen kann, um möglichst genau ein Ziel zu Treffen.",
	"Crafting:",
	{
		"type": "crafting",
		"slots": {
			"1": {"name":"fp:spaceship", "meta":"<spaceship.NormalBaterrie>"},
			"2": {"OreDict":"ingotAluminum"},
			"3": {},
			"4": {"name":"fp:spaceship", "meta":"<spaceship.NeonCoil>"},
			"5": {"name":"fp:pipe", "meta":2},
			"6": {"name":"fp:pipe", "meta":2},
			"7": {"OreDict":"ingotAluminum"},
			"8": {"name":"minecraft:stone_button"},
			"9": {},
			"out": {"name":"fp:grenade_launcher", "meta":0, "size":1}
		}
	},	
	"Es wird Neonenergie für die (wieder-)Aufladung benötigt. Wenn die Ladung komplett aufgebraucht ist, kann die Waffe die Geschosse nicht mehr beschleunigen. Dies kann in einer gefährlichen Situation enden!"
]