[
	"Ich habe definitiv zu viel Kompost, ich muss ihn irgendwie loswerden.",
	"Wenn ich die Hülsen mit Kompost fülle, werden diese beim Aufprall verteilt und Düngen das Gebiet.",
	"In die Hülse passen 1-3 Einheiten Kompost, somit kann ich die Größe der betroffene Fläche wählen.",
	
	"Crafting (shapeless):",
	"Stärke 1:",
	{
		"type": "crafting",
		"slots": {
			"1": {"name":"fp:grenade", "meta":0},
			"2": {"name":"fp:spaceship", "meta":"<spaceship.Kompost>"},
			"3": {},
			"4": {},
			"5": {},
			"6": {},
			"7": {},
			"8": {},
			"9": {},
			"out": {"name":"fp:grenade", "meta":5, "size":1}
		}
	},
	"Stärke 2:",
	{
		"type": "crafting",
		"slots": {
			"1": {"name":"fp:grenade", "meta":0},
			"2": {"name":"fp:spaceship", "meta":"<spaceship.Kompost>"},
			"3": {},
			"4": {"name":"fp:spaceship", "meta":"<spaceship.Kompost>"},
			"5": {},
			"6": {},
			"7": {},
			"8": {},
			"9": {},
			"out": {"name":"fp:grenade", "meta":5, "size":1}
		}
	},
	"Stärke 3:",
	{
		"type": "crafting",
		"slots": {
			"1": {"name":"fp:grenade", "meta":0},
			"2": {"name":"fp:spaceship", "meta":"<spaceship.Kompost>"},
			"3": {"name":"fp:spaceship", "meta":"<spaceship.Kompost>"},
			"4": {"name":"fp:spaceship", "meta":"<spaceship.Kompost>"},
			"5": {},
			"6": {},
			"7": {},
			"8": {},
			"9": {},
			"out": {"name":"fp:grenade", "meta":5, "size":1}
		}
	}
]