[
	"Ob ich die Granaten auch für andere Zwecke nutzen kann, vieleicht wenn ich sie mit Saatgut fülle.",
	"Wenn ich die Hülsen mit Weizenkörnern fülle, werden diese beim Aufprall auf dem Feld verteilt.",
	"In die Hülse passen 1-3 Einheiten Weizenkörner, somit kann ich die Größe der betroffene Fläche wählen.",
	
	"Crafting (shapeless):",
	"Stärke 1:",
	{
		"type": "crafting",
		"slots": {
			"1": {"name":"fp:grenade", "meta":0},
			"2": {"name":"minecraft:wheat_seeds"},
			"3": {},
			"4": {},
			"5": {},
			"6": {},
			"7": {},
			"8": {},
			"9": {},
			"out": {"name":"fp:grenade", "meta":7, "size":1}
		}
	},
	"Stärke 2:",
	{
		"type": "crafting",
		"slots": {
			"1": {"name":"fp:grenade", "meta":0},
			"2": {"name":"minecraft:wheat_seeds"},
			"3": {},
			"4": {"name":"minecraft:wheat_seeds"},
			"5": {},
			"6": {},
			"7": {},
			"8": {},
			"9": {},
			"out": {"name":"fp:grenade", "meta":7, "size":1}
		}
	},
	"Stärke 3:",
	{
		"type": "crafting",
		"slots": {
			"1": {"name":"fp:grenade", "meta":0},
			"2": {"name":"minecraft:wheat_seeds"},
			"3": {"name":"minecraft:wheat_seeds"},
			"4": {"name":"minecraft:wheat_seeds"},
			"5": {},
			"6": {},
			"7": {},
			"8": {},
			"9": {},
			"out": {"name":"fp:grenade", "meta":7, "size":1}
		}
	}
]