[
	"Ich habe einen Spaten aus Verbundmetall entwickelt, er ist wesentlich stabiler und langlebiger als die herkömmlichen Werkzeuge. Ein Spaten eignet sich deutlich besser zum Ausheben von Löchern als eine Schaufel.",
	"Crafting:",
	{
		"type": "crafting",
		"slots": {
			"1": {},
			"2": {"name":"fp:spaceship", "meta":"<spaceship.CompositeMetall>"},
			"3": {},
			"4": {},
			"5": {"name":"fp:spaceship", "meta":"<spaceship.IronStick>"},
			"6": {},
			"7": {},
			"8": {"name":"fp:spaceship", "meta":"<spaceship.IronStick>"},
			"9": {},
			"out": {"name":"fp:composite_spade"}
		}
	}
]