[
	"Um längere Zeit unter Wasser arbeiten zu können, muss ich Sauerstoff mitführen. Die einfachen Tanks haben sich dabei als praktisch erwiesen, in Kombination mit einer leichten Aluminiumhalterung kann ich mir die Tanks auf den Rücken schnallen.",
	"Mit einem Steuergerät sowie einem einfachen Kompressor habe ich das Gerät so ergänzt, dass sich die Tanks an Land automatisch wieder auffüllen.",

	"Crafting:",
	{
		"type": "crafting",
		"slots": {
			"1": {"OreDict":"ingotAluminum"},
			"2": {"name":"fp:chip", "meta":0},
			"3": {"OreDict":"ingotAluminum"},
			"4": {"name":"fp:spaceship", "meta":"<spaceship.Tank>"},
			"5": {"OreDict":"ingotMagnetite"},
			"6": {"name":"fp:spaceship", "meta":"<spaceship.Tank>"},
			"7": {},
			"8": {"name":"fp:spaceship", "meta":"<spaceship.CopperCoil>"},
			"9": {},
			"out": {"name":"fp:sauerstofftank"}
		}
	},
	"Kapazität: 2 min",
	"Auffüllen: 2 min",
		
	"Anzeige: Der Füllstand der Tanks wird mit der normalen Luftanzeige angezeigt. Wenn diese (nach 2 min) leer ist, heißt das, der Sauerstofftank ist leer. Die Luftanzeige wird dann noch einmal komplett gefüllt und leert sich mit normaler Geschwindigkeit.",
	"Außerhalb des Wassers lädt sich der Tank, solange ausgerüstet, kontinuierlich wieder auf."
]