[
	"Ich habe mir ein nützliches Multifunktionswerkzeug gebaut.",
	"Es ermöglicht mir, Dinge zu drehen, außerdem kann ich damit eventuell auch Maschinen umbauen.",
	
	{
		"type": "crafting",
		"slots": {
			"1": "OreDict:ingotIron",
			"2": {},
			"3": "OreDict:ingotIron",
			"4": {},
			"5": {"name":"fp:spaceship", "meta":"<spaceship.CompositeMetall>"},
			"6": {},
			"7": {},
			"8": {"name":"fp:spaceship", "meta":"<spaceship.IronStick>"},
			"9": {},
			"out": {"name":"fp:scrench"}
		}
	},
	"Moduswechsel: §lRechtsklick \"in die Luft\"§r",
	
	"Rotation-Mode:",
	{
		"type":"image",
		"width":32,
		"height":32,
		"resource":"fp:textures/items/tool_sub.png"
	},
	"§lRechtsklick§r auf einen Block, um diesen zu drehen.",
	
	"Modification-Mode:",
	{
		"type":"image",
		"width":32,
		"height":32,
		"resource":"fp:textures/items/tool.png"
	},
	"§lShift + Rechtsklick§r auf eine Maschiene, um diese zu modifizieren.",
	"Notiz: Die erste modifizierbare Maschine wird erst später freigeschaltet!"
]