[
	"Ich habe ein Gerät entwickelt was es mir möglichmacht, das aussehen von Blöcken zu ändern.",
	"Ich kann einen belibigen Block scannen und dabei wird seine Visuellestruktur in dem gerät gespeichert. Und kann dan auf einen anderen Block der das unterstüzt übertragen werden.",
	
	{
		"type": "crafting",
		"slots": {
			"1": "OreDict:ingotMagnetite",
			"2": {"name":"fp:spaceship", "meta":"<spaceship.Laserdiode>"},
			"3": "OreDict:ingotMagnetite",
			"4": "OreDict:ingotAluminum",
			"5": {"name":"fp:spaceship", "meta":"<spaceship.Display>"},
			"6": "OreDict:ingotAluminum",
			"7": "OreDict:ingotAluminum",
			"8": {"name":"fp:chip", "meta":"<chip.LogicChip>"},
			"9": "OreDict:ingotAluminum",
			"out": {"name":"fp:hologramcontroler"}
		}
	},
	"shift-klick um struktur zu speichern",
	"normaler klick auf einen BLock um das aussehen zu wechseln",
	"Note: manche Strukturen sind zu komplex um sie zu speichern.",
	"Unterstüzte Blöcke:\nAlle Rohre\nAlle Kabel\n"
]