[
	"Wenn man in weitläufigen Höhlen oder Schluchten unterwegs ist, fällt es immer schwer sich fortzubewegen. Also wollte ich eigentlich einen Kletterhacken erfinden, jedoch ist mir ein Problem aufgefallen:",
	"Ein Kletterhacken braucht eine Kante damit er fest genug sitzt um mich hoch zu ziehen. Also habe ich einen Kletterschleim erfunden. Anstatt einen Hacken zu werfen, ist das Seil an einem stabilen und klebrigen Schleimklumpen befestigt. Ein Neonimpuls, der über das Seil geleitet wird, kann kurzzeitig die Klebeeigenschaft des Schleims unterdrücken um ihn so wieder von einer Felswand zu lösen.",
	"Crafting:",
	{
		"type": "crafting",
		"slots": {
			"1": {},
			"2": "OreDict:ingotAluminum",
			"3": "slime_ball",
			"4": "OreDict:ingotAluminum",
			"5": "fishing_rod",
			"6": "OreDict:ingotAluminum",
			"7": "OreDict:ingotBioterium",
			"8": "OreDict:ingotAluminum",
			"9": {"name":"fp:spaceship", "meta":"<spaceship.IronStick>"},
			"out": {"name":"fp:hook", "meta":250, "size":1}
		}
	},	
	"Mit Rechtsklick wird der Hacken geworfen und wieder eingeholt, wie bei der Angel. Sobald der Schleim einen Block trifft, wird man sofort in diese Richtung gezogen. Außerdem muss der Kletterschleim mit Neonenergie aufgeladen werden."
]