[
	"Für den Granatwerfer habe ich ein Universalgeschoss entwickelt, es ist eine Metallkapsel die sich ideal abfeuern lässt. Zudem beinhaltet es eine Sprengladung die bei Aufprall zündet und den Inhalt verteilt.",
	"Crafting:",
	{
		"type": "crafting",
		"slots": {
			"1": {},
			"2": {"OreDict":"ingotAluminum"},
			"3": {},
			"4": {"OreDict":"ingotAluminum"},
			"5": {"name":"fp:spaceship", "meta":"<spaceship.Tank>"},
			"6": {"OreDict":"ingotAluminum"},
			"7": {"OreDict":"ingotAluminum"},
			"8": {"name":"minecraft:gunpowder"},
			"9": {"OreDict":"ingotAluminum"},
			"out": {"name":"fp:grenade", "meta":0, "size":6}
		}
	},	
	
	"Meine erste einfache Granate habe ich mit Schwarzpulver gefüllt, welches beim Aufprall mit gezündet wird und erheblichen Schaden anrichtet.",
	"In die Hülse passen 1-3 Einheiten Schwarzpulver, somit kann ich die Sprengkraft wählen.",
		
	"Crafting (shapeless):",
	"Stärke 1:",
	{
		"type": "crafting",
		"slots": {
			"1": {"name":"fp:grenade", "meta":0},
			"2": {"name":"minecraft:gunpowder"},
			"3": {},
			"4": {},
			"5": {},
			"6": {},
			"7": {},
			"8": {},
			"9": {},
			"out": {"name":"fp:grenade", "meta":2, "size":1}
		}
	},
	"Stärke 2:",
	{
		"type": "crafting",
		"slots": {
			"1": {"name":"fp:grenade", "meta":0},
			"2": {"name":"minecraft:gunpowder"},
			"3": {},
			"4": {"name":"minecraft:gunpowder"},
			"5": {},
			"6": {},
			"7": {},
			"8": {},
			"9": {},
			"out": {"name":"fp:grenade", "meta":2, "size":1}
		}
	},
	"Stärke 3:",
	{
		"type": "crafting",
		"slots": {
			"1": {"name":"fp:grenade", "meta":0},
			"2": {"name":"minecraft:gunpowder"},
			"3": {},
			"4": {"name":"minecraft:gunpowder"},
			"5": {"name":"minecraft:gunpowder"},
			"6": {},
			"7": {},
			"8": {},
			"9": {},
			"out": {"name":"fp:grenade", "meta":2, "size":1}
		}
	}
]