[
	"Eisenstock:",
	{
		"type": "crafting",
		"slots": {
			"1": "OreDict:ingotIron",
			"2": {},
			"3": {},
			"4": "OreDict:ingotIron",
			"5": {},
			"6": {},
			"7": {},
			"8": {},
			"9": {},
			"out": {"name":"fp:spaceship", "meta":"<spaceship.IronStick>", "size":8}
		}
	},
	
	"Leerer Tank:",
	{
	"type": "crafting",
	"slots": {
		"1": {},
		"2": "OreDict:ingotCopper",
		"3": {},
		"4": {"name":"minecraft:glass_pane"},
		"5": {},
			"6": {"name":"minecraft:glass_pane"},
			"7": {"name":"minecraft:glass_pane"},
			"8": {"name":"minecraft:glass_pane"},
			"9": {"name":"minecraft:glass_pane"},
			"out": {"name":"fp:spaceship", "meta":"<spaceship.Tank>", "size":2}
		}
	},
	
	"Spulen:",
	{
		"type": "crafting",
		"slots": {
			"1": "OreDict:ingotIron",
			"2": {},
			"3": "OreDict:ingotIron",
			"4": ["OreDict:ingotCopper", "OreDict:ingotIron", "OreDict:ingotNeon", "OreDict:ingotGold"],
			"5": {"name":"fp:spaceship", "meta":7},
			"6": ["OreDict:ingotCopper", "OreDict:ingotIron", "OreDict:ingotNeon", "OreDict:ingotGold"],
			"7": "OreDict:ingotIron",
			"8": {},
			"9": "OreDict:ingotIron",
			"out": [{"name":"fp:spaceship", "meta":"<spaceship.CopperCoil>", "size":2},{"name":"fp:spaceship", "meta":"<spaceship.IronCoil>", "size":2},{"name":"fp:spaceship", "meta":"<spaceship.NeonCoil>", "size":2},{"name":"fp:spaceship", "meta":"<spaceship.GoldCoil>", "size":2}]
		}
	},
	
	"Fischblock (essbar wie Kuchen):",
	{
		"type": "crafting",
		"slots": {
			"1": [{"name":"minecraft:fish", "meta":0},{"name":"minecraft:fish", "meta":1},{"name":"minecraft:fish", "meta":2},{"name":"minecraft:fish", "meta":3}],
			"2": [{"name":"minecraft:fish", "meta":0},{"name":"minecraft:fish", "meta":1},{"name":"minecraft:fish", "meta":2},{"name":"minecraft:fish", "meta":3}],
			"3": [{"name":"minecraft:fish", "meta":0},{"name":"minecraft:fish", "meta":1},{"name":"minecraft:fish", "meta":2},{"name":"minecraft:fish", "meta":3}],
			"4": [{"name":"minecraft:fish", "meta":0},{"name":"minecraft:fish", "meta":1},{"name":"minecraft:fish", "meta":2},{"name":"minecraft:fish", "meta":3}],
			"5": [{"name":"minecraft:fish", "meta":0},{"name":"minecraft:fish", "meta":1},{"name":"minecraft:fish", "meta":2},{"name":"minecraft:fish", "meta":3}],
			"6": [{"name":"minecraft:fish", "meta":0},{"name":"minecraft:fish", "meta":1},{"name":"minecraft:fish", "meta":2},{"name":"minecraft:fish", "meta":3}],
			"7": [{"name":"minecraft:fish", "meta":0},{"name":"minecraft:fish", "meta":1},{"name":"minecraft:fish", "meta":2},{"name":"minecraft:fish", "meta":3}],
			"8": [{"name":"minecraft:fish", "meta":0},{"name":"minecraft:fish", "meta":1},{"name":"minecraft:fish", "meta":2},{"name":"minecraft:fish", "meta":3}],
			"9": [{"name":"minecraft:fish", "meta":0},{"name":"minecraft:fish", "meta":1},{"name":"minecraft:fish", "meta":2},{"name":"minecraft:fish", "meta":3}],
			"out": {"name":"fp:fish_block", "meta":0, "size":1}
		}
	},
	
	"Kristallbarren-Ziegel:",
	{
		"type": "crafting",
		"slots": {
			"1": ["OreDict:ingotNeon","OreDict:ingotGlowtite","OreDict:ingotRetium","OreDict:ingotBioterium"],
			"2": ["OreDict:ingotNeon","OreDict:ingotGlowtite","OreDict:ingotRetium","OreDict:ingotBioterium"],
			"3": {},
			"4": ["OreDict:ingotNeon","OreDict:ingotGlowtite","OreDict:ingotRetium","OreDict:ingotBioterium"],
			"5": ["OreDict:ingotNeon","OreDict:ingotGlowtite","OreDict:ingotRetium","OreDict:ingotBioterium"],
			"6": {},
			"7": {},
			"8": {},
			"9": {},
			"out": [{"name":"fp:neon_bricks", "meta":0, "size":1},{"name":"fp:neon_bricks", "meta":2, "size":1},{"name":"fp:neon_bricks", "meta":1, "size":1},{"name":"fp:neon_bricks", "meta":3, "size":1}]
		}
	}
]
