[
	"Je peux maintenant faire une multitude d'écrans et d'éléments de contrôle à partir d'éléments en fer et d'une plaque de silicium, ce qui semble être \"utile\" pour pleins d'applications.",
	"Info : L'écran est juste une décoration, et se positionne comme une tableau!",
	"Craft :",
	{
		"type": "crafting",
		"slots": {
			"1": {"name":"fp:spaceship", "meta":"<spaceship.IronStick>"},
			"2": {"name":"fp:spaceship", "meta":"<spaceship.IronStick>"},
			"3": {"name":"fp:spaceship", "meta":"<spaceship.IronStick>"},
			"4": {"name":"fp:spaceship", "meta":"<spaceship.IronStick>"},
			"5": {"name":"fp:spaceship", "meta":"<spaceship.Silizium>"},
			"6": {"name":"fp:spaceship", "meta":"<spaceship.IronStick>"},
			"7": {"name":"fp:spaceship", "meta":"<spaceship.IronStick>"},
			"8": {"name":"fp:spaceship", "meta":"<spaceship.IronStick>"},
			"9": {"name":"fp:spaceship", "meta":"<spaceship.IronStick>"},
			"out": [{"name":"fp:spaceship", "meta":"<spaceship.Display>"}]
		}
	}
]

