[
	"J'ai fait des recherches à partir du bloc grillagé : une dalle grillagée.",
	"Craft :",
	{
		"type": "crafting",
		"slots": {
			"1": {},
			"2": {},
			"3": {},
			"4": {},
			"5": {},
			"6": {},
			"7": [{"name":"fp:metal_gitter_block", "meta":0},{"name":"fp:color_gitter", "meta":0},{"name":"fp:color_gitter", "meta":1},{"name":"fp:color_gitter", "meta":2},{"name":"fp:color_gitter", "meta":3},{"name":"fp:color_gitter", "meta":4},{"name":"fp:color_gitter", "meta":5},{"name":"fp:color_gitter", "meta":6},{"name":"fp:color_gitter", "meta":7},{"name":"fp:color_gitter", "meta":8},{"name":"fp:color_gitter", "meta":9},{"name":"fp:color_gitter", "meta":10},{"name":"fp:color_gitter", "meta":11},{"name":"fp:color_gitter", "meta":12},{"name":"fp:color_gitter", "meta":13},{"name":"fp:color_gitter", "meta":14},{"name":"fp:color_gitter", "meta":15}],
			"8": [{"name":"fp:metal_gitter_block", "meta":0},{"name":"fp:color_gitter", "meta":0},{"name":"fp:color_gitter", "meta":1},{"name":"fp:color_gitter", "meta":2},{"name":"fp:color_gitter", "meta":3},{"name":"fp:color_gitter", "meta":4},{"name":"fp:color_gitter", "meta":5},{"name":"fp:color_gitter", "meta":6},{"name":"fp:color_gitter", "meta":7},{"name":"fp:color_gitter", "meta":8},{"name":"fp:color_gitter", "meta":9},{"name":"fp:color_gitter", "meta":10},{"name":"fp:color_gitter", "meta":11},{"name":"fp:color_gitter", "meta":12},{"name":"fp:color_gitter", "meta":13},{"name":"fp:color_gitter", "meta":14},{"name":"fp:color_gitter", "meta":15}],
			"9": [{"name":"fp:metal_gitter_block", "meta":0},{"name":"fp:color_gitter", "meta":0},{"name":"fp:color_gitter", "meta":1},{"name":"fp:color_gitter", "meta":2},{"name":"fp:color_gitter", "meta":3},{"name":"fp:color_gitter", "meta":4},{"name":"fp:color_gitter", "meta":5},{"name":"fp:color_gitter", "meta":6},{"name":"fp:color_gitter", "meta":7},{"name":"fp:color_gitter", "meta":8},{"name":"fp:color_gitter", "meta":9},{"name":"fp:color_gitter", "meta":10},{"name":"fp:color_gitter", "meta":11},{"name":"fp:color_gitter", "meta":12},{"name":"fp:color_gitter", "meta":13},{"name":"fp:color_gitter", "meta":14},{"name":"fp:color_gitter", "meta":15}],
			"out": [{"name":"fp:metal_slap0", "meta":1, "size":6},{"name":"fp:color_gitter_step_half_0", "meta":0, "size":6},{"name":"fp:color_gitter_step_half_0", "meta":1, "size":6},{"name":"fp:color_gitter_step_half_0", "meta":2, "size":6},{"name":"fp:color_gitter_step_half_0", "meta":3, "size":6},{"name":"fp:color_gitter_step_half_0", "meta":4, "size":6},{"name":"fp:color_gitter_step_half_0", "meta":5, "size":6},{"name":"fp:color_gitter_step_half_0", "meta":6, "size":6},{"name":"fp:color_gitter_step_half_0", "meta":7, "size":6},{"name":"fp:color_gitter_step_half_0", "meta":8, "size":6},{"name":"fp:color_gitter_step_half_0", "meta":9, "size":6},{"name":"fp:color_gitter_step_half_0", "meta":10, "size":6},{"name":"fp:color_gitter_step_half_0", "meta":11, "size":6},{"name":"fp:color_gitter_step_half_0", "meta":12, "size":6},{"name":"fp:color_gitter_step_half_0", "meta":13, "size":6},{"name":"fp:color_gitter_step_half_0", "meta":14, "size":6},{"name":"fp:color_gitter_step_half_0", "meta":15, "size":6}]
		}
	},
	"Information: Ce bloc peut être (dé)coloré avec le pistolet à peinture.",
	"Information: Lorsqu'on mine deux dalles l'une sur l'autre, on droppe un bloc complet."
]