[
	"J'ai découvert une forme d'énergie que est fondamentalement différente de la mienne et de celle de l'Inaccessible. Cette forme non familière est appelée Flux de Redstone et utilise une forme instable de Redstone. Par conséquent, j'ai essayé de construire un convertisseur.",
	"Il est basé sur une sorte de moteur qui convertit l'énergie Néon en une forme moins importante d'énergie. Pour moi, elle est dangereuse et imprédictible, je ne crois pas réellement en cette technologie.",
	"Mais, qui sait, peut-être que parfois, je serai obligé d'utiliser cette technologie.",
    "Craft :",
    {
        "type": "crafting",
        "slots": {
            "1": {"name":"fp:spaceship","meta":"<spaceship.CompositeMetall>"},
            "2": {"name":"fp:spaceship","meta":"<spaceship.IronStick>"},
            "3": {"name":"fp:spaceship","meta":"<spaceship.CompositeMetall>"},
            "4": {"name":"fp:spaceship","meta":"<spaceship.CopperCoil>"},
            "5": "OreDict:ingotMagnetite",
            "6": {"name":"fp:spaceship","meta":"<spaceship.CopperCoil>"},
            "7": "OreDict:ingotNeon",
            "8": [
                    {"name":"fp:color_luftung_step_half_0","meta":0},
                    {"name":"fp:color_luftung_step_half_0","meta":1},
                    {"name":"fp:color_luftung_step_half_0","meta":2},
                    {"name":"fp:color_luftung_step_half_0","meta":3},
                    {"name":"fp:color_luftung_step_half_0","meta":4},
                    {"name":"fp:color_luftung_step_half_0","meta":5},
                    {"name":"fp:color_luftung_step_half_0","meta":6},
                    {"name":"fp:color_luftung_step_half_0","meta":7},
                    {"name":"fp:color_luftung_step_half_0","meta":8},
                    {"name":"fp:color_luftung_step_half_0","meta":9},
                    {"name":"fp:color_luftung_step_half_0","meta":10},
                    {"name":"fp:color_luftung_step_half_0","meta":11},
                    {"name":"fp:color_luftung_step_half_0","meta":12},
                    {"name":"fp:color_luftung_step_half_0","meta":13},
                    {"name":"fp:color_luftung_step_half_0","meta":14},
                    {"name":"fp:color_luftung_step_half_0","meta":15}
                 ],
            "9": "OreDict:ingotNeon",
            "out": {"name":"fp:neon_engine","meta":0}
        }
    },
    "Pour plus de facilité, j'ai construit le moteur Néon pour qu'il puisse être alimenté par de la Redstone. De plus, il faut un certain temps pour qu'il soit chaud, la production de RF sera en fonction de la température."
]