[
	"J'ai créé un moteur simple à essence et trouver une solution pour transformer la rotation en énergie Néon. Le moteur tourne avec deux cylindres, un est refroidi et l'autre est chauffé par du feu. En les combinant, ils créent un système clos, qui réchauffe ou refroidit l'air à l'intérieur et le comprime dans l'autre cylindre. Avec cette contraction et expansion de l'air, le système crée de l'énergie.",
	"La chaleur peut être créée par tout éléments consumables. Le générateur n'est pas très puissant, mais assez pour mon usage actuel.",
	"Craft :",
	{
		"type": "crafting",
		"slots": {
			"1": {"OreDict":"ingotIron"},
			"2": {"OreDict":"ingotIron"},
			"3": {"OreDict":"ingotIron"},
			"4": {"name":"fp:spaceship", "meta":"<spaceship.CopperCoil>"},
			"5": {"name":"minecraft:piston"},
			"6": {"OreDict":"ingotNeon"},
			"7": {"OreDict":"ingotIron"},
			"8": {"name":"minecraft:furnace"},
			"9": {"OreDict":"ingotIron"},
			"out": {"name":"fp:brennstoff_generator","meta":0}
		}
	},
	
	"Données Techniques:",
	"Énergie par Tick: 0.5 NE",
	"Énergie par consumation: 0.5 NE",
	"",
	"Information: l'emplacement du bas est pour le fuel et celui du haut pour les batteries. La barre de gauche montre le niveau de remplissage de l'énergie Néon."
]