[
	"Je me suis fait la remarque que je devais envoyer des signaux sur de grandes distances. Si je devais utiliser des câbles réseaux, j'utiliserai une énorme quantité de ressources.",
	"C'est pourquoi j'ai développé un laser qui est capable de transmettre un signal sur une distances de 1024 mètres. Comme je dois pouvoir répondre, un transmetteur et un récepteur sont intégrés au bloc.",
	"A l'origine, je voulais utiliser les ultras-violets pour transférer les données, mais la déflexion atmosphérique était trop grande et j'ai dû utiliser des infrarouges.",
	"Craft:",
	{
		"type": "crafting",
		"slots": {
			"1": "OreDict:ingotAluminum",
			"2": {"name":"fp:spaceship", "meta":"<spaceship.Fasern>"},
			"3": "",
			"4": {"name":"fp:chip", "meta":"<chip.NetworkChip>"},
			"5": {"name":"fp:spaceship", "meta":"<spaceship.Laserdiode>"},
			"6": {"name":"fp:spaceship", "meta":"<spaceship.LinseR>"},
			"7": "OreDict:ingotAluminum",
			"8": {"name":"fp:spaceship", "meta":"<spaceship.Fasern>"},
			"9": "",
			"out": {"name":"fp:laser_transmitter", "meta":0, "size":1}
		}
	},
	"Pour que le laser fonctionne (même sur de longues distances) le transmetteur et le récepteur doivent être exactement sur la même ligne."
]