[
	"La Redstone peut naturellement transférer des signaux simples. En intégrant de la Redstone dans le cadre en aluminium des tubes, j'ai créé un tube qui peut aussi transférer des signaux de Redstone.",
	"De plus, ces nouveaux tubes n'ont aucune perte de puissances de signal et peut être simplement connectés avec de la poudre de Redstone traditionnelle",
	
	"Craft:",
	{
		"type": "crafting",
		"slots": {
			"1": {},
			"2": {"OreDict":"dustRedstone"},
			"3": {},
			"4": {"name":"fp:pipe", "meta":0},
			"5": {"name":"fp:pipe", "meta":0},
			"6": {"name":"fp:pipe", "meta":0},
			"7": {},
			"8": {},
			"9": {},
			"out": {"name":"fp:pipe", "meta":1, "size":3}
		}
	},
	
	"Ces tubes sont très pratique pour alimenter les machines et les lampes avec un signal de Redstone.",
	"",
	"Configuration: En utilisant la clé à molette, je suis capable de configurer toute les faces d'un segment de tube, je peux donc les empêcher de ce connecter sur ce côté.(§lClicl droit§r sur le côté souhaité). De plus, ces tubes ont un troisième état, remarquable grâce à un point rouge sur le côté. Dans cet état, seul les signaux de Redstone peuvent sortir par cette face, bloquant les objets."
]