[
	"Cette antenne est une simple et très utile extension pour un réseau. Je suis capable d'étendre mon réseau, sans fil, même dans des cavernes profondes ou à travers des murs.",
	"Craft :",
	{
		"type": "crafting",
		"slots": {
			"1": {"name":"fp:spaceship", "meta":"<spaceship.CopperCoil>"},
			"2": {"name":"fp:metal_fence"},
			"3": {"name":"fp:spaceship", "meta":"<spaceship.CopperCoil>"},
			"4": {"name":"fp:spaceship", "meta":"<spaceship.NeonCoil>"},
			"5": {"name":"fp:metal_fence"},
			"6": {"name":"fp:spaceship", "meta":"<spaceship.NeonCoil>"},
			"7": {"name":"fp:chip", "meta":"<chip.LogicChip>"},
			"8": [{"name":"fp:color_iron", "meta":0},{"name":"fp:color_iron", "meta":8},{"name":"fp:color_iron", "meta":15}],
			"9": {"name":"fp:chip", "meta":"<chip.LogicChip>"},
			"out": [{"name":"fp:antenne", "meta":0, "size":1},{"name":"fp:antenne", "meta":1, "size":1},{"name":"fp:antenne", "meta":2, "size":1}]
		}
	},
	"La couverture de l'antenne dépend du nombre de blocs métalliques connectés à l'antenne émettrice et du nombre de blocs métalliques de l'antenne réceptrice."
]