[
	"J'ai ajouté une extension au four industriel au Néon qui me permet d'extraire le carbone résiduel. Je dispose donc désormais d'une source infinie de charbon.",
	
	{
		"type": "industrialneonfurnace",
		"slots": {
			"in1":  {"OreDict":"sand"},
			"in2":  {"OreDict":"sand"},
			"in3":  {"name":"minecraft:coal", "meta":0, "size":1},
			"out1": {"name":"fp:spaceship",  "meta":"<spaceship.Silizium>", "size":6},
			"out2": {},
			"out3": {}
		},
		"support":0
	},
	
	"Même avec des cristaux, le nouveau procédé fonctionne pour créer des lingots.",
	{
		"type": "industrialneonfurnace",
		"slots": {
			"in1":  [{"OreDict":"gemNeon"},{"OreDict":"gemAluminum"},{"OreDict":"gemGlowtite"},{"OreDict":"gemRetium"},{"OreDict":"gemBioterium"}],
			"in2":  {},
			"in3":  {},
			"out1": [{"OreDict":"ingotNeon"},{"OreDict":"ingotAluminum"},{"OreDict":"ingotGlowtite"},{"OreDict":"ingotRetium"},{"OreDict":"ingotBioterium"}],
			"out2": {},
			"out3": {}
		},
		"support":0
	}		
]
