[
	"J'ai découvert un alliage de métaux de ce monde très résistant et léger, que j'ai nommé Métal Composite.",
	"Ça devrait être très utile pour beaucoup de tâches, mais par dessus tout, c'est un très bon matériau pour les structures.",
	{
		"type": "industrialfurnace",
		"slots": {
			"in1":  {"OreDict":"ingotIron"},
			"in2":  {"OreDict":"ingotCopper"},
			"in3":  [{"OreDict":"ingotTin"}, {"OreDict":"ingotZinc"}],
			"out1": {"name":"fp:spaceship",  "meta":"<spaceship.CompositeMetall>", "size":6},
			"out2": {},
			"out3": {}
		}
	}	
]
