[
	"Cette machine a été créée pour découper des matériaux et petits morceaux. Elle est rapide et utilise tous les types de carburant.",
		
	"Craft :",
	{
		"type": "crafting",
		"slots": {
			"1": "OreDict:ingotIron",
			"2": {"name":"minecraft:piston","meta":0},
			"3": "OreDict:ingotIron",
			"4": "OreDict:ingotIron",
			"5": {"name":"minecraft:iron_bars","meta":0},
			"6": "OreDict:ingotIron",
			"7": "OreDict:ingotIron",
			"8": {"name":"minecraft:piston","meta":0},
			"9": "OreDict:ingotIron",
			"out": {"name":"fp:partpress","meta":0}
		}
	},
	"Recettes ",
	{
        "type": "partpress",
        "slots": {
            "in": "OreDict:ingotIron",
            "out": {"name":"fp:spaceship", "meta":"<spaceship.IronParts>", "size":4}
        }
    },
		
	{
        "type": "partpress",
        "slots": {
            "in": "OreDict:ingotCopper",
			"out": {"name":"fp:spaceship", "meta":"<spaceship.CopperParts>", "size":4}
		}
	},
		
	{
		"type": "partpress",
		"slots": {
			"in": "OreDict:ingotNeon",
			"out": {"name":"fp:spaceship", "meta":"<spaceship.NeonParts>", "size":4}
		}
	},
		
	{
		"type": "partpress",
		"slots": {
			"in": "OreDict:gemQuartz",
			"out": {"name":"fp:spaceship", "meta":"<spaceship.QuartzParts>", "size":4}
		}
	},
		
	{
		"type": "partpress",
		"slots": {
			"in": "OreDict:gemDiamond",
			"out": {"name":"fp:spaceship", "meta":"<spaceship.DiaParts>", "size":4}
		}
	},
		
	{
		"type": "partpress",
		"slots": {
			"in": "OreDict:ingotGold",
			"out": {"name":"fp:spaceship", "meta":"<spaceship.GoldParts>", "size":4}
		}
	}	
]