[
	"En utilisant un piston, je suis capable d'inverser les effets du Casseur de Blocs.",
	"Je peux y mettre toute sorte de bloc, et si la machine est activée par une impulsion de Redstone, elle essaye de le mettre en face d'elle.",

	"Craft :",
	{
		"type": "crafting",
		"slots":
		{
			"1": {"OreDict":"ingotAluminum"},
			"2": [{"name":"fp:wandrope","meta":0},{"name":"fp:wandrope","meta":1},{"name":"fp:wandrope","meta":2},{"name":"fp:wandrope","meta":3},{"name":"fp:wandrope","meta":4},{"name":"fp:wandrope","meta":5},{"name":"fp:wandrope","meta":6},{"name":"fp:wandrope","meta":7},{"name":"fp:wandrope","meta":8},{"name":"fp:wandrope","meta":9},{"name":"fp:wandrope","meta":10},{"name":"fp:wandrope","meta":11}],
			"3": {"OreDict":"ingotAluminum"},
			"4": {"OreDict":"dustRedstone"},
			"5": {"name":"minecraft:piston"},
			"6": {"OreDict":"dustRedstone"},
			"7": {"OreDict":"ingotAluminum"},
			"8": {"name":"minecraft:dispenser"},
			"9": {"OreDict":"ingotAluminum"},
			"out": {"name":"fp:block_placer","meta":0}
		}
	}
]