[
	"En utilisant ma Centrifugeuse, je peux traiter les restes de plantes et d'autres matériaux organiques pour extraire des matériaux plus précieux",
	"En particulier, après le process, les éléments résiduels suivants sont collectés :",
	"Copeaux de bois : résidu de bois combustible",
	"Composte : résidu de plante, utilisé comme fertilisant",
	"Biopolymère : matière première de haute technologie développée à partir de fibres végétales",
	"Je peux utiliser cette méthode avec de la terre et une grande variété de plantes ; mais pour les plantes contenant des colorants, je dois encore améliorer le process.",
	"Exemple :",
    {
        "type":"zentrifuge",
        "slots":
        {
            "in":{"name":"minecraft:dirt", "meta":0, "size":8},
            "out1":{"name":"minecraft:gravel", "size":4, "meta":0},
            "out2":{"name":"minecraft:clay_ball", "size":2, "meta":0},
            "out3":{"name":"fp:spaceship", "size":1, "meta":"<spaceship.Kompost>"}
        },
	    "support":0,
	    "time":100
    },
	{
        "type":"zentrifuge",
        "slots":
        {
            "in":{"name":"minecraft:sapling", "size":2},
            "out1":{"name":"fp:spaceship", "size":1, "meta":"<spaceship.HackSchnitzel>"},
            "out2":{"name":"fp:spaceship", "size":1, "meta":"<spaceship.Kompost>"},
            "out3":{}
        },
	    "support":0,
	    "time":200
    },
	{
        "type":"zentrifuge",
        "slots":
        {
            "in":{"name":"minecraft:clay_ball", "meta":0, "size":16},
            "out1":{"name":"minecraft:sand", "size":3, "meta":0},
            "out2":{"OreDict":"dustIron", "size":1},
            "out3":{"name":"fp:spaceship", "size":2, "meta":"<spaceship.Kompost>"}
        },
	    "support":0,
	    "time":200
    },
	
    "Information : La centrifugeuse a un grand nombre de recette, qui ne sont pas toutes listées ici !"
]
