[
	"Using my studies in the field of thermodynamics, I developed an upgrade module for all computer-aided systems.",
	"I can attach this module to each side of the machine, where it then releases heat to the environment. Depending on environmental temperature (biome), 1-3 additional heatpoints can be derived permanently.",
	"The cooling efficiency is shown by a blue (3), green (2) or red (1) light at the cooler.",

	"Crafting:",
	{
		"type": "crafting",
		"slots": {
			"1": {"name":"fp:spaceship", "meta":"<spaceship.CopperCoil>"},
			"2": {"OreDict":"ingotCopper"},
			"3": {"name":"fp:spaceship", "meta":"<spaceship.CopperCoil>"},
			"4": {"name":"fp:spaceship", "meta":"<spaceship.CopperCoil>"},
			"5": {"OreDict":"ingotCopper"},
			"6": {"name":"fp:spaceship", "meta":"<spaceship.CopperCoil>"},
			"7": {"OreDict":"ingotIron"},
			"8": {"OreDict":"ingotCopper"},
			"9": {"OreDict":"ingotIron"},
			"out": {"name":"fp:extern_cooler", "meta":0}
		}
	}
]
