[
    "I developed a chip set which helps machines to communicate in a network.",
    "Assembly:",
    {
        "type": "assembly",
        "slots": {
            "in1": {"name":"fp:spaceship","meta":"<spaceship.Silizium>","size":2},
            "in2": {"name":"fp:spaceship","meta":"<spaceship.QuartzParts>","size":2},
            "in3": {"name":"fp:spaceship","meta":"<spaceship.NeonCoil>","size":1},
            "out": {"name":"fp:chip", "meta":"<chip.NetworkChip>", "size":1}
        }
    },
    "I don't have a concrete use for this chip yet but maybe I'll be able to use it someday."
]
