[
    "Because I want to strongly overclock the machines to reach maximized speeds, I invented an active watercooler.",
    "I don't want to waste the energy though, so the cooling and creation of steam really kicks in at about 100°C.",
	"Crafting:",
    {
        "type": "crafting",
        "slots": {
            "1": {"name":"fp:spaceship", "meta":"<spaceship.CompositeMetall>"},
            "2": {"name":"fp:metal_gitter_pane"},
            "3": {"name":"fp:spaceship", "meta":"<spaceship.CompositeMetall>"},
            "4": {"name":"fp:pipe"},
            "5": {"name":"fp:spaceship", "meta":"<spaceship.Tank>"},
            "6": {"name":"fp:pipe"},
            "7": {"OreDict":"ingotCopper"},
            "8": {"OreDict":"ingotCopper"},
            "9": {"OreDict":"ingotCopper"},
            "out": {"name":"fp:water_cooler", "meta":0}
        }
    },
	"I can bring water buckets into the cooler using item pipes; however, steam emits from the top, so I can only input items from the sides."
]
