[
    "I developed a chip that documents the crafting of items, so I can optimize the processes and gain experience.",
    "Assembly:",
    {
        "type": "assembly",
        "slots": {
            "in1": {"name":"fp:spaceship","meta":"<spaceship.Silizium>","size":2},
            "in2": {"name":"fp:spaceship","meta":"<spaceship.QuartzParts>","size":2},
            "in3": "OreDict:gemEmerald",
            "out": {"name":"fp:chip", "meta":"<chip.UltimateChip>", "size":1}
        }
    },  
    "A higher chip power leads to more experience when taking out the item.",
    "Info: For general information, refer to logic chipset."
]