[
	"The redstone control chipset works for any kind of machine, including a mainboard. It ensures that the machine checks independently whether it gets a redstone signal and shuts down afterwards.",
	"This enables shutting down big systems for power saving issues.",
	"Assembly:",
	{
		"type": "assembly",
		"slots": {
			"in1": {"name":"fp:spaceship","meta":"<spaceship.Silizium>","size":2},
			"in2": {"name":"fp:spaceship","meta":"<spaceship.QuartzParts>","size":2},
			"in3": {"name":"minecraft:comparator","meta":0,"size":1},
			"out": {"name":"fp:chip", "meta":"<chip.RedstoneChip>", "size":1}
		}
	}
]
