[
	"I developed a specialized chipset to enhance a few machines' interactions with their environment.",
	"It is especially useful in machines that kill creatures, for this chip enhances their reach.",

	"Assembly:",
	{
		"type": "assembly",
		"slots": {
			"in1": {"name":"fp:spaceship", "meta":"<spaceship.Silizium>"},
			"in2": {"name":"fp:spaceship", "meta":"<spaceship.QuartzParts>"},
			"in3": {"name":"golden_sword", "meta":0, "size":1},
			"out": {"name":"fp:chip", "meta":"<chip.TacticChip>", "size":1}
		}
	},
	
	"A high quality tactics chipset (high chip power), as well as mounting multiple chipsets, enhances the effect accordingly.",
	"Info: The specific effect is mentioned at the corresponding machine.",
	"Info: For general information refer to logic chipset."
]
