[
	"I have developed a special chipset which improves the efficiency of machines.",
	"This chipset is most useful in energy generators, where it controls the generation and transformation of energy. This increases energy production per tick or the profit from resources.",

	"Assembly:",
	{
		"type": "assembly",
		"slots": {
			"in1": {"name":"fp:spaceship", "meta":"<spaceship.Silizium>"},
			"in2": {"name":"fp:spaceship", "meta":"<spaceship.QuartzParts>"},
			"in3": {"OreDict":"ingotTin"},
			"out": {"name":"fp:chip", "meta":"<chip.ProduktionChip>", "size":1}
		}
	},
	
	"A industrial chipset of high quality (high chip power) or the usage of multiple chipsets will increase the effect accordingly.",
	"Hint: The exact effect is determined by the supporting machine.",
	"Hint: Refer to \"Logic Chipset\" for general information."
]
