[
    "I've developed a chip which boosts the ability of decision making in a computer system.",
    "Assembly:",
    {
        "type": "assembly",
        "slots": {
            "in1": {"name":"fp:spaceship","meta":"<spaceship.Silizium>","size":2},
            "in2": {"name":"fp:spaceship","meta":"<spaceship.QuartzParts>","size":2},
            "in3":  {"name":"fp:spaceship", "meta":"<spaceship.SupportSpeicher1>", "size":1},
            "out": {"name":"fp:chip", "meta":"<chip.KIChip>", "size":1}
        }
    },
    "Because of the AI (artificial intelligence) chip, one result is that the absorption laser (entity eater) will not kill targets anymore, but instead leaves them highly weakened."
]
