[
	"By improving my manufacturing methods, I was able to double the amount of computational units in one processor. Furthermore, I improved heat transfer by using better materials.",
	
	"Assembly:",
	{
		"type": "assembly",
		"slots": {
			"in1": {"name":"fp:spaceship", "meta":"<spaceship.Silizium>", "size":2},
			"in2": {"name":"fp:spaceship", "meta":"<spaceship.CopperParts>", "size":2},
			"in3": {"name":"fp:spaceship", "meta":"<spaceship.CompositeMetall>"},
			"out": {"name":"fp:core", "meta":1, "size":1}
		}
	},
	
	"Hint: Refer to \"Standart Core\" for general informations."
]
