[
	"With this Core series, I have reached the limit to my current possibilities. I am not able to add any more units on a processor. In this series I upgraded the connectors inside the core to gold ones, as gold has much better conductivity.",
	"I developed an additional improvement by adding a built-in unit for the processing and output of Support data. This extremely relieved the work load on the unspecified part of the processor.",

	"Assembly:",
	{
		"type": "assembly",
		"slots": {
			"in1": {"name":"fp:spaceship", "meta":"<spaceship.Silizium>", "size":3},
			"in2": {"name":"fp:spaceship", "meta":"<spaceship.GoldParts>", "size":3},
			"in3": {"name":"fp:spaceship", "meta":"<spaceship.SupportSpeicher1>"},
			"out": {"name":"fp:core", "meta":2, "size":1}
		}
	},
	
	"Hint: Refer to \"Standart Core\" for general informations."
]
