[
	"I researched a complex structure made from composite metal and iron bars, a normal grid block.",
	"Crafting:",
	{
		"type": "crafting",
		"slots": {
			"1": {"name":"fp:spaceship", "meta":"<spaceship.IronStick>"},
			"2": {"name":"minecraft:iron_bars"},
			"3": {"name":"fp:spaceship", "meta":"<spaceship.IronStick>"},
			"4": {"name":"minecraft:iron_bars"},
			"5": {"name":"fp:spaceship", "meta":"<spaceship.CompositeMetall>"},
			"6": {"name":"minecraft:iron_bars"},
			"7": {"name":"fp:spaceship", "meta":"<spaceship.IronStick>"},
			"8": {"name":"minecraft:iron_bars"},
			"9": {"name":"fp:spaceship", "meta":"<spaceship.IronStick>"},
			"out": {"name":"fp:metal_gitter_block", "meta":0, "size":2}
		}
	},	
	"Information: This block can be (un)colored using the air brush."
]