[
	"With the glowtite found on Menelaus, I could further develop the neon lamp. The energy-intensive insides are swapped with a new mixture. I use glowtite as an energy source, which in combination with glowstone (and a single energy supply) creates a plasma that I conceal inside the lamp using a magnetic field, where it emits light permanently.",
	"This reaction, although not very powerful, is enough for a light source. Additionally, this lamp requires neither Neon energy nor redstone signals to function.",
	"Crafting:",
	{
		"type": "crafting",
		"slots": {
			"1": [{"name":"fp:color_glas", "meta":0},{"name":"fp:color_glas", "meta":1},{"name":"fp:color_glas", "meta":2},{"name":"fp:color_glas", "meta":3},{"name":"fp:color_glas", "meta":4},{"name":"fp:color_glas", "meta":5},{"name":"fp:color_glas", "meta":6},{"name":"fp:color_glas", "meta":7},{"name":"fp:color_glas", "meta":8},{"name":"fp:color_glas", "meta":9},{"name":"fp:color_glas", "meta":10},{"name":"fp:color_glas", "meta":11},{"name":"fp:color_glas", "meta":12},{"name":"fp:color_glas", "meta":13},{"name":"fp:color_glas", "meta":14},{"name":"fp:color_glas", "meta":15}],
			"2": {"OreDict":"ingotMagnetite"},
			"3": [{"name":"fp:color_glas", "meta":0},{"name":"fp:color_glas", "meta":1},{"name":"fp:color_glas", "meta":2},{"name":"fp:color_glas", "meta":3},{"name":"fp:color_glas", "meta":4},{"name":"fp:color_glas", "meta":5},{"name":"fp:color_glas", "meta":6},{"name":"fp:color_glas", "meta":7},{"name":"fp:color_glas", "meta":8},{"name":"fp:color_glas", "meta":9},{"name":"fp:color_glas", "meta":10},{"name":"fp:color_glas", "meta":11},{"name":"fp:color_glas", "meta":12},{"name":"fp:color_glas", "meta":13},{"name":"fp:color_glas", "meta":14},{"name":"fp:color_glas", "meta":15}],
			"4": {"name":"minecraft:glowstone_dust"},
			"5": {"OreDict":"ingotGlowtite"},
			"6": {"name":"minecraft:glowstone_dust"},
			"7": [{"name":"fp:color_glas", "meta":0},{"name":"fp:color_glas", "meta":1},{"name":"fp:color_glas", "meta":2},{"name":"fp:color_glas", "meta":3},{"name":"fp:color_glas", "meta":4},{"name":"fp:color_glas", "meta":5},{"name":"fp:color_glas", "meta":6},{"name":"fp:color_glas", "meta":7},{"name":"fp:color_glas", "meta":8},{"name":"fp:color_glas", "meta":9},{"name":"fp:color_glas", "meta":10},{"name":"fp:color_glas", "meta":11},{"name":"fp:color_glas", "meta":12},{"name":"fp:color_glas", "meta":13},{"name":"fp:color_glas", "meta":14},{"name":"fp:color_glas", "meta":15}],
			"8": {"OreDict":"ingotMagnetite"},
			"9": [{"name":"fp:color_glas", "meta":0},{"name":"fp:color_glas", "meta":1},{"name":"fp:color_glas", "meta":2},{"name":"fp:color_glas", "meta":3},{"name":"fp:color_glas", "meta":4},{"name":"fp:color_glas", "meta":5},{"name":"fp:color_glas", "meta":6},{"name":"fp:color_glas", "meta":7},{"name":"fp:color_glas", "meta":8},{"name":"fp:color_glas", "meta":9},{"name":"fp:color_glas", "meta":10},{"name":"fp:color_glas", "meta":11},{"name":"fp:color_glas", "meta":12},{"name":"fp:color_glas", "meta":13},{"name":"fp:color_glas", "meta":14},{"name":"fp:color_glas", "meta":15}],
			"out": [{"name":"fp:color_plasma_on", "meta":0, "size":4},{"name":"fp:color_plasma_on", "meta":1, "size":4},{"name":"fp:color_plasma_on", "meta":2, "size":4},{"name":"fp:color_plasma_on", "meta":3, "size":4},{"name":"fp:color_plasma_on", "meta":4, "size":4},{"name":"fp:color_plasma_on", "meta":5, "size":4},{"name":"fp:color_plasma_on", "meta":6, "size":4},{"name":"fp:color_plasma_on", "meta":7, "size":4},{"name":"fp:color_plasma_on", "meta":8, "size":4},{"name":"fp:color_plasma_on", "meta":9, "size":4},{"name":"fp:color_plasma_on", "meta":10, "size":4},{"name":"fp:color_plasma_on", "meta":11, "size":4},{"name":"fp:color_plasma_on", "meta":12, "size":4},{"name":"fp:color_plasma_on", "meta":13, "size":4},{"name":"fp:color_plasma_on", "meta":14, "size":4},{"name":"fp:color_plasma_on", "meta":15, "size":4}]
		}
	},
	"Using a Redstone signal, I can regulate the reaction enough so that the lamp emits no more light."
]
