[
	"I created another simple structure out of compound metal, a half-sized and solid block.",
	"Crafting:",
	{
		"type": "crafting",
		"slots": {
			"1": {},
			"2": {},
			"3": {},
			"4": {},
			"5": {},
			"6": {},
			"7": {"name":"fp:spaceship", "meta":"<spaceship.CompositeMetall>"},
			"8": {"name":"fp:spaceship", "meta":"<spaceship.CompositeMetall>"},
			"9": {"name":"fp:spaceship", "meta":"<spaceship.CompositeMetall>"},
			"out": {"name":"fp:metal_slap0", "meta":0, "size":2}
		}
	},
	"Alternative:",
	{
		"type": "crafting",
		"slots": {
			"1": {},
			"2": {},
			"3": {},
			"4": {},
			"5": {},
			"6": {},
			"7": [{"name":"fp:erz_blocke", "meta":4},{"name":"fp:color_iron", "meta":0},{"name":"fp:color_iron", "meta":1},{"name":"fp:color_iron", "meta":2},{"name":"fp:color_iron", "meta":3},{"name":"fp:color_iron", "meta":4},{"name":"fp:color_iron", "meta":5},{"name":"fp:color_iron", "meta":6},{"name":"fp:color_iron", "meta":7},{"name":"fp:color_iron", "meta":8},{"name":"fp:color_iron", "meta":9},{"name":"fp:color_iron", "meta":10},{"name":"fp:color_iron", "meta":11},{"name":"fp:color_iron", "meta":12},{"name":"fp:color_iron", "meta":13},{"name":"fp:color_iron", "meta":14},{"name":"fp:color_iron", "meta":15}],
			"8": [{"name":"fp:erz_blocke", "meta":4},{"name":"fp:color_iron", "meta":0},{"name":"fp:color_iron", "meta":1},{"name":"fp:color_iron", "meta":2},{"name":"fp:color_iron", "meta":3},{"name":"fp:color_iron", "meta":4},{"name":"fp:color_iron", "meta":5},{"name":"fp:color_iron", "meta":6},{"name":"fp:color_iron", "meta":7},{"name":"fp:color_iron", "meta":8},{"name":"fp:color_iron", "meta":9},{"name":"fp:color_iron", "meta":10},{"name":"fp:color_iron", "meta":11},{"name":"fp:color_iron", "meta":12},{"name":"fp:color_iron", "meta":13},{"name":"fp:color_iron", "meta":14},{"name":"fp:color_iron", "meta":15}],
			"9": [{"name":"fp:erz_blocke", "meta":4},{"name":"fp:color_iron", "meta":0},{"name":"fp:color_iron", "meta":1},{"name":"fp:color_iron", "meta":2},{"name":"fp:color_iron", "meta":3},{"name":"fp:color_iron", "meta":4},{"name":"fp:color_iron", "meta":5},{"name":"fp:color_iron", "meta":6},{"name":"fp:color_iron", "meta":7},{"name":"fp:color_iron", "meta":8},{"name":"fp:color_iron", "meta":9},{"name":"fp:color_iron", "meta":10},{"name":"fp:color_iron", "meta":11},{"name":"fp:color_iron", "meta":12},{"name":"fp:color_iron", "meta":13},{"name":"fp:color_iron", "meta":14},{"name":"fp:color_iron", "meta":15}],
			"out": [{"name":"fp:metal_slap0", "meta":0, "size":6},{"name":"fp:color_iron_step_half_0", "meta":0, "size":6},{"name":"fp:color_iron_step_half_0", "meta":1, "size":6},{"name":"fp:color_iron_step_half_0", "meta":2, "size":6},{"name":"fp:color_iron_step_half_0", "meta":3, "size":6},{"name":"fp:color_iron_step_half_0", "meta":4, "size":6},{"name":"fp:color_iron_step_half_0", "meta":5, "size":6},{"name":"fp:color_iron_step_half_0", "meta":6, "size":6},{"name":"fp:color_iron_step_half_0", "meta":7, "size":6},{"name":"fp:color_iron_step_half_0", "meta":8, "size":6},{"name":"fp:color_iron_step_half_0", "meta":9, "size":6},{"name":"fp:color_iron_step_half_0", "meta":10, "size":6},{"name":"fp:color_iron_step_half_0", "meta":11, "size":6},{"name":"fp:color_iron_step_half_0", "meta":12, "size":6},{"name":"fp:color_iron_step_half_0", "meta":13, "size":6},{"name":"fp:color_iron_step_half_0", "meta":14, "size":6},{"name":"fp:color_iron_step_half_0", "meta":15, "size":6}]
		}
	},
	"Information: This block can be (un)colored using the air brush.",
	"Info: Two slabs placed on top of another will drop a full-sized block when broken."
]
