[
	"I've built a ladder of Iron Rods, and while it's not really an improvement to the wooden one, it looks better for metal buildings",
	"Crafting:",
	{
		"type": "crafting",
		"slots": {
			"1": {"name":"fp:spaceship", "meta":"<spaceship.IronStick>"},
			"2": {},
			"3": {"name":"fp:spaceship", "meta":"<spaceship.IronStick>"},
			"4": {"name":"fp:spaceship", "meta":"<spaceship.IronStick>"},
			"5": {"name":"fp:spaceship", "meta":"<spaceship.IronStick>"},
			"6": {"name":"fp:spaceship", "meta":"<spaceship.IronStick>"},
			"7": {"name":"fp:spaceship", "meta":"<spaceship.IronStick>"},
			"8": {},
			"9": {"name":"fp:spaceship", "meta":"<spaceship.IronStick>"},
			"out": {"name":"fp:eisenleiter", "meta":0, "size":3}
		}
	}
]
