[
	"I developed a very bright light source. It consists of a bulletproof glass case with the air drawn out. Inside, neon energy flows through a suitable coil to stimulate extremely finely-ground neon dust. Combined with active Redstone dust, it starts an interesting reaction, which emits a huge amount of light.",
	"Because of its construction, both neon energy as well as a Redstone signal are required to power it.",
	"Crafting:",
	{
		"type": "crafting",
		"slots": {
			"1": [{"name":"fp:color_glas", "meta":0},{"name":"fp:color_glas", "meta":1},{"name":"fp:color_glas", "meta":2},{"name":"fp:color_glas", "meta":3},{"name":"fp:color_glas", "meta":4},{"name":"fp:color_glas", "meta":5},{"name":"fp:color_glas", "meta":6},{"name":"fp:color_glas", "meta":7},{"name":"fp:color_glas", "meta":8},{"name":"fp:color_glas", "meta":9},{"name":"fp:color_glas", "meta":10},{"name":"fp:color_glas", "meta":11},{"name":"fp:color_glas", "meta":12},{"name":"fp:color_glas", "meta":13},{"name":"fp:color_glas", "meta":14},{"name":"fp:color_glas", "meta":15}],
			"2": {"OreDict":"dustNeon"},
			"3": [{"name":"fp:color_glas", "meta":0},{"name":"fp:color_glas", "meta":1},{"name":"fp:color_glas", "meta":2},{"name":"fp:color_glas", "meta":3},{"name":"fp:color_glas", "meta":4},{"name":"fp:color_glas", "meta":5},{"name":"fp:color_glas", "meta":6},{"name":"fp:color_glas", "meta":7},{"name":"fp:color_glas", "meta":8},{"name":"fp:color_glas", "meta":9},{"name":"fp:color_glas", "meta":10},{"name":"fp:color_glas", "meta":11},{"name":"fp:color_glas", "meta":12},{"name":"fp:color_glas", "meta":13},{"name":"fp:color_glas", "meta":14},{"name":"fp:color_glas", "meta":15}],
			"4": {"name":"minecraft:redstone"},
			"5": {"name":"fp:spaceship", "meta":"<spaceship.NeonCoil>"},
			"6": {"name":"minecraft:redstone"},
			"7": [{"name":"fp:color_glas", "meta":0},{"name":"fp:color_glas", "meta":1},{"name":"fp:color_glas", "meta":2},{"name":"fp:color_glas", "meta":3},{"name":"fp:color_glas", "meta":4},{"name":"fp:color_glas", "meta":5},{"name":"fp:color_glas", "meta":6},{"name":"fp:color_glas", "meta":7},{"name":"fp:color_glas", "meta":8},{"name":"fp:color_glas", "meta":9},{"name":"fp:color_glas", "meta":10},{"name":"fp:color_glas", "meta":11},{"name":"fp:color_glas", "meta":12},{"name":"fp:color_glas", "meta":13},{"name":"fp:color_glas", "meta":14},{"name":"fp:color_glas", "meta":15}],
			"8": {"OreDict":"dustNeon"},
			"9": [{"name":"fp:color_glas", "meta":0},{"name":"fp:color_glas", "meta":1},{"name":"fp:color_glas", "meta":2},{"name":"fp:color_glas", "meta":3},{"name":"fp:color_glas", "meta":4},{"name":"fp:color_glas", "meta":5},{"name":"fp:color_glas", "meta":6},{"name":"fp:color_glas", "meta":7},{"name":"fp:color_glas", "meta":8},{"name":"fp:color_glas", "meta":9},{"name":"fp:color_glas", "meta":10},{"name":"fp:color_glas", "meta":11},{"name":"fp:color_glas", "meta":12},{"name":"fp:color_glas", "meta":13},{"name":"fp:color_glas", "meta":14},{"name":"fp:color_glas", "meta":15}],
			"out": [{"name":"fp:color_neon_on", "meta":0, "size":4},{"name":"fp:color_neon_on", "meta":1, "size":4},{"name":"fp:color_neon_on", "meta":2, "size":4},{"name":"fp:color_neon_on", "meta":3, "size":4},{"name":"fp:color_neon_on", "meta":4, "size":4},{"name":"fp:color_neon_on", "meta":5, "size":4},{"name":"fp:color_neon_on", "meta":6, "size":4},{"name":"fp:color_neon_on", "meta":7, "size":4},{"name":"fp:color_neon_on", "meta":8, "size":4},{"name":"fp:color_neon_on", "meta":9, "size":4},{"name":"fp:color_neon_on", "meta":10, "size":4},{"name":"fp:color_neon_on", "meta":11, "size":4},{"name":"fp:color_neon_on", "meta":12, "size":4},{"name":"fp:color_neon_on", "meta":13, "size":4},{"name":"fp:color_neon_on", "meta":14, "size":4},{"name":"fp:color_neon_on", "meta":15, "size":4}]
		}
	},
	"A Redstone-coated neon wire would be especially suitable for its energy supply."
]
