[
	"I can make an abundance of monitors and control elements from some iron elements and silicon chips, which seem to be \"useful\" for many applications.",
	"Info: The monitor is only for decorative purposes and acts like a painting!",
	"Crafting:",
	{
		"type": "crafting",
		"slots": {
			"1": {"name":"fp:spaceship", "meta":"<spaceship.IronStick>"},
			"2": {"name":"fp:spaceship", "meta":"<spaceship.IronStick>"},
			"3": {"name":"fp:spaceship", "meta":"<spaceship.IronStick>"},
			"4": {"name":"fp:spaceship", "meta":"<spaceship.IronStick>"},
			"5": {"name":"fp:spaceship", "meta":"<spaceship.Silizium>"},
			"6": {"name":"fp:spaceship", "meta":"<spaceship.IronStick>"},
			"7": {"name":"fp:spaceship", "meta":"<spaceship.IronStick>"},
			"8": {"name":"fp:spaceship", "meta":"<spaceship.IronStick>"},
			"9": {"name":"fp:spaceship", "meta":"<spaceship.IronStick>"},
			"out": [{"name":"fp:spaceship", "meta":"<spaceship.Display>"}]
		}
	}
]

