[
	"I created a simple structure out of compound metal, an ordinary and solid block.",
	"Crafting:",
	{
		"type": "crafting",
		"slots": {
			"1": {"name":"fp:spaceship", "meta":"<spaceship.CompositeMetall>"},
			"2": {"name":"fp:spaceship", "meta":"<spaceship.CompositeMetall>"},
			"3": {},
			"4": {"name":"fp:spaceship", "meta":"<spaceship.CompositeMetall>"},
			"5": {"name":"fp:spaceship", "meta":"<spaceship.CompositeMetall>"},
			"6": {},
			"7": {},
			"8": {},
			"9": {},
			"out": {"name":"fp:erz_blocke", "meta":4, "size":4}
		}
	},	
	"Information: This block can be (un)colored using the air brush."
]
