[
	"I created a complex structure from compound metal and iron bars, a vent block.",
	"Crafting:",
	{
		"type": "crafting",
		"slots": {
			"1": {"name":"fp:spaceship", "meta":"<spaceship.CompositeMetall>"},
			"2": {"name":"minecraft:iron_bars"},
			"3": {"name":"fp:spaceship", "meta":"<spaceship.CompositeMetall>"},
			"4": {"name":"minecraft:iron_bars"},
			"5": {},
			"6": {"name":"minecraft:iron_bars"},
			"7": {"name":"fp:spaceship", "meta":"<spaceship.CompositeMetall>"},
			"8": {"name":"minecraft:iron_bars"},
			"9": {"name":"fp:spaceship", "meta":"<spaceship.CompositeMetall>"},
			"out": {"name":"fp:erz_blocke", "meta":9, "size":4}
		}
	},	
	"Information: This block can be (un)colored using the air brush."
]
