[
	"I created a locker from aluminum and metal blocks. While it provides the same storage space as a standard chest, it is more stable and comes in various designs and colors.",
	"The most significant advantage is that even if the locker is moved, its contents remain safe.",
	"Info: The (filled) locker can be broken down and placed again without its contents becoming lost!",
	"Door - light:",
	{
		"type": "crafting",
		"slots": {
			"1": {"OreDict":"ingotAluminum"},
			"2": [{"name":"fp:color_iron", "meta":0},{"name":"fp:color_iron", "meta":8},{"name":"fp:color_iron", "meta":15}],
			"3": {"OreDict":"ingotAluminum"},
			"4": {"OreDict":"ingotAluminum"},
			"5": {"name":"minecraft:dye", "meta":7},
			"6": {"OreDict":"ingotAluminum"},
			"7": {"OreDict":"ingotAluminum"},
			"8": {},
			"9": {"OreDict":"ingotAluminum"},
			"out": [{"name":"fp:wandrope", "meta":2, "size":1},{"name":"fp:wandrope", "meta":6, "size":1},{"name":"fp:wandrope", "meta":10, "size":1}]
		}
	},	
	"Door - dark:",
	{
		"type": "crafting",
		"slots": {
			"1": {"OreDict":"ingotAluminum"},
			"2": [{"name":"fp:color_iron", "meta":0},{"name":"fp:color_iron", "meta":8},{"name":"fp:color_iron", "meta":15}],
			"3": {"OreDict":"ingotAluminum"},
			"4": {"OreDict":"ingotAluminum"},
			"5": {"name":"minecraft:dye", "meta":8},
			"6": {"OreDict":"ingotAluminum"},
			"7": {"OreDict":"ingotAluminum"},
			"8": {},
			"9": {"OreDict":"ingotAluminum"},
			"out": [{"name":"fp:wandrope", "meta":3, "size":1},{"name":"fp:wandrope", "meta":7, "size":1},{"name":"fp:wandrope", "meta":11, "size":1}]
		}
	},
	"Drawer - light:",
	{
		"type": "crafting",
		"slots": {
			"1": {"OreDict":"ingotAluminum"},
			"2": [{"name":"fp:color_iron", "meta":0},{"name":"fp:color_iron", "meta":8},{"name":"fp:color_iron", "meta":15}],
			"3": {"OreDict":"ingotAluminum"},
			"4": {"OreDict":"ingotAluminum"},
			"5": {"name":"minecraft:dye", "meta":7},
			"6": {"OreDict":"ingotAluminum"},
			"7": {"OreDict":"ingotAluminum"},
			"8": {"name":"minecraft:dye", "meta":7},
			"9": {"OreDict":"ingotAluminum"},
			"out": [{"name":"fp:wandrope", "meta":0, "size":1},{"name":"fp:wandrope", "meta":4, "size":1},{"name":"fp:wandrope", "meta":8, "size":1}]
		}
	},	
	"Drawer - dark:",
	{
		"type": "crafting",
		"slots": {
			"1": {"OreDict":"ingotAluminum"},
			"2": [{"name":"fp:color_iron", "meta":0},{"name":"fp:color_iron", "meta":8},{"name":"fp:color_iron", "meta":15}],
			"3": {"OreDict":"ingotAluminum"},
			"4": {"OreDict":"ingotAluminum"},
			"5": {"name":"minecraft:dye", "meta":8},
			"6": {"OreDict":"ingotAluminum"},
			"7": {"OreDict":"ingotAluminum"},
			"8": {"name":"minecraft:dye", "meta":8},
			"9": {"OreDict":"ingotAluminum"},
			"out": [{"name":"fp:wandrope", "meta":1, "size":1},{"name":"fp:wandrope", "meta":5, "size":1},{"name":"fp:wandrope", "meta":9, "size":1}]
		}
	}	
]
