[
	"Through my observation of the environment I learned that most processes gain their energy more or less directly from the sun. Therefore I've experimented to generate my energy directly from the suns radiation.",
	"I've noticed an interaction between silicon wafers and sunlight, which causes a voltage to be generated at the silicon layer, the strength of which depends of that of the radiation.",

	"Crafting:",
	{
		"type": "crafting",
		"slots": {
			"1": {"name":"fp:spaceship", "meta":"<spaceship.Silizium>"},
			"2": {"name":"fp:spaceship", "meta":"<spaceship.Silizium>"},
			"3": {"name":"fp:spaceship", "meta":"<spaceship.Silizium>"},
			"4": {"OreDict":"ingotNeon"},
			"5": [{"name":"fp:color_iron","meta":0},{"name":"fp:color_iron","meta":8},{"name":"fp:color_iron","meta":15}],
			"6": {"OreDict":"ingotNeon"},
			"7": {"name":"fp:spaceship", "meta":"<spaceship.CompositeMetall>"},
			"8": {"name":"fp:spaceship", "meta":"<spaceship.Maschinboard>"},
			"9": {"name":"fp:spaceship", "meta":"<spaceship.CompositeMetall>"},
			"out": [{"name":"fp:solarpanel","meta":0},{"name":"fp:solarpanel","meta":1},{"name":"fp:solarpanel","meta":2}]
		}
	},
	"Using the computer system, I can raise the total production noticeable by alignment of the solar modules and more efficient conversion of the energy.",
	"By raising the \"Ram\"-value this energy is produced and put out quicker.",
	
	"Compatible chipsets:",
	"Logic chipset\nIndustrial chipset (amount of energy)\nRedstone control chipset\nDamage control chipset"
]