[
	"I further researched the renewable energies and discovered water power for my usage. It's available everywhere an can be used well with little effort at some places.",
    "I have to place the water turbine somewhere so that great amounts of water are above, and below there has to be room for the water to flow through the turbine.",
	"Crafting:",
	{
		"type": "crafting",
		"slots": {
			"1": {"name":"fp:spaceship", "meta":"<spaceship.CompositeMetall>"},
			"2": {"name":"minecraft:iron_bars", "meta":0},
			"3": {"name":"fp:spaceship", "meta":"<spaceship.CompositeMetall>"},
			"4": {"name":"fp:spaceship", "meta":"<spaceship.NeonCoil>"},
			"5": [{"name":"fp:color_iron","meta":0},{"name":"fp:color_iron","meta":8},{"name":"fp:color_iron","meta":15}],
			"6": {"name":"fp:spaceship", "meta":"<spaceship.NeonCoil>"},
			"7": {"OreDict":"ingotZinc"},
			"8": {"name":"fp:spaceship", "meta":"<spaceship.Maschinboard>"},
			"9": {"OreDict":"ingotZinc"},
			"out": [{"name":"fp:wasser_turbine","meta":0},{"name":"fp:wasser_turbine","meta":1},{"name":"fp:wasser_turbine","meta":2}]
		}
	},
	"Compatible chipsets:",
	"Logic chipset\nIndustrial chipset (amount of energy)\nRedstone control chipset\nDamage control chipset"
]