[
	"I discovered a form of energy that fundamentally differs from mine and that of the Unreachable. This unfamiliar form of energy is called Redstone Flux and uses an unstable form of Redstone. Therefore I tried to develop a converter.",
	"It is based off a kind of motor which converts Neon energy into the lesser form of energy. To me it seems unpredictable and dangerous, so I don't really trust this technology.",
	"But who knows, maybe sometime I'll be forced to use this technology.",
    "Crafting:",
    {
        "type": "crafting",
        "slots": {
            "1": {"name":"fp:spaceship","meta":"<spaceship.CompositeMetall>"},
            "2": {"name":"fp:spaceship","meta":"<spaceship.IronStick>"},
            "3": {"name":"fp:spaceship","meta":"<spaceship.CompositeMetall>"},
            "4": {"name":"fp:spaceship","meta":"<spaceship.CopperCoil>"},
            "5": "OreDict:ingotMagnetite",
            "6": {"name":"fp:spaceship","meta":"<spaceship.CopperCoil>"},
            "7": "OreDict:ingotNeon",
            "8": [
                    {"name":"fp:color_luftung_step_half_0","meta":0},
                    {"name":"fp:color_luftung_step_half_0","meta":1},
                    {"name":"fp:color_luftung_step_half_0","meta":2},
                    {"name":"fp:color_luftung_step_half_0","meta":3},
                    {"name":"fp:color_luftung_step_half_0","meta":4},
                    {"name":"fp:color_luftung_step_half_0","meta":5},
                    {"name":"fp:color_luftung_step_half_0","meta":6},
                    {"name":"fp:color_luftung_step_half_0","meta":7},
                    {"name":"fp:color_luftung_step_half_0","meta":8},
                    {"name":"fp:color_luftung_step_half_0","meta":9},
                    {"name":"fp:color_luftung_step_half_0","meta":10},
                    {"name":"fp:color_luftung_step_half_0","meta":11},
                    {"name":"fp:color_luftung_step_half_0","meta":12},
                    {"name":"fp:color_luftung_step_half_0","meta":13},
                    {"name":"fp:color_luftung_step_half_0","meta":14},
                    {"name":"fp:color_luftung_step_half_0","meta":15}
                 ],
            "9": "OreDict:ingotNeon",
            "out": {"name":"fp:neon_engine","meta":0}
        }
    },
    "For easy handling, I constructed the Neon motor so that it can be powered by Redstone. Additionally it needs some time to heat up, the production of RF scales in accordance to the temperature."
]