[	
	"A concentrated beam of light is able of transporting a vast amount of energy that is even sufficient for melting metal.",
	"Thanks to a few of my new discoveries I was able to further improve this method to create an extremely intense beam of light.",
	"I achieved this through the feeding of energy into a gem that is located between two semitransparent mirrors. This way the gem is being stimulated to emit light at the right moment which creates a perfectly synchron beam of light.",

	"Crafting:",
	{
		"type": "crafting",
		"slots": {
			"1": {"OreDict":"ingotAluminum"},
			"2": {"name":"fp:spaceship", "meta":"<spaceship.NeonCoil>"},
			"3": {},
			"4": {"name":"minecraft:glass_pane"},
			"5": {"OreDict":"gemDiamond"},
			"6": {"name":"minecraft:glass_pane"},
			"7": {"OreDict":"ingotAluminum"},
			"8": {"name":"fp:spaceship", "meta":"<spaceship.NeonCoil>"},
			"9": {},
			"out": [{"name":"fp:spaceship", "meta":"<spaceship.Laserdiode>"}]
		}
	}
]