[
	"Over time, it is very annoying to remove and insert flash memory over and over again. I developed a cable that can transport support points between machines.",
	"It is a normal cable supplemented with a Glowtite sheathing, which allows transmission of support points.",
	
	"Crafting:",
	{
		"type": "crafting",
		"slots": {
			"1": {},
			"2": {"OreDict":"ingotGlowtite"},
			"3": {},
			"4": {"name":"fp:wire", "meta":0},
			"5": {"name":"fp:wire", "meta":0},
			"6": {"name":"fp:wire", "meta":0},
			"7": {},
			"8": {},
			"9": {},
			"out": {"name":"fp:wire", "meta":3, "size":3}
		}
	},
	
	"The cable itself cannot store the information, so it also needs a destination to prevent data loss."
]
