[
	"I've implemented my idea of an Item transport System. For that I designed a simple tube, composed of an aluminum frame and vision panels made of glass.",
	"The pipe can be placed free standing and can be filled by hoppers or any device that works in a similar way. An Item put in is going to wait at this pipe segment until it found a possible target. It prefers the nearest Inventory.",
	"If an item stack can't be carried away it will block the pipe segment against Inserting more Items.",

	"Crafting:",
	{
		"type": "crafting",
		"slots": {
			"1": {"OreDict":"ingotAluminum"},
			"2": {"OreDict":"ingotAluminum"},
			"3": {"OreDict":"ingotAluminum"},
			"4": {"OreDict":"blockGlassColorless"},
			"5": {"OreDict":"blockGlassColorless"},
			"6": {"OreDict":"blockGlassColorless"},
			"7": {"OreDict":"ingotAluminum"},
			"8": {"OreDict":"ingotAluminum"},
			"9": {"OreDict":"ingotAluminum"},
			"out": {"name":"fp:pipe", "meta":0, "size":16}
		}
	},
	
	"Configuration: Using the Scrench I'm able to configure every side of a pipe segment, so I can prevent it from connecting with this side. (§lright click§r on desired side)"
]
