[
	"The small rechargeable batteries work good for transporting energy by hand, but not for automatic storage or buffering. To reach this I connected some of these batteries to a Battery Box.",
	"This storage unit can, depending on the settings, act as energy collector, source or buffer. Furthermore I added slots inside the machine for manual charge and discharge as well as for a permanent improvement of the capacity (12 Slots).",
	"Crafting:",
	{
		"type": "crafting",
		"slots": {
			"1": {"name":"fp:spaceship", "meta":"<spaceship.NormalBaterrie>"},
			"2": {"name":"minecraft:chest"},
			"3": {"name":"fp:spaceship", "meta":"<spaceship.NormalBaterrie>"},
			"4": {"name":"fp:spaceship", "meta":"<spaceship.NormalBaterrie>"},
			"5": [{"name":"fp:color_iron", "meta":0},{"name":"fp:color_iron", "meta":8},{"name":"fp:color_iron", "meta":15}],
			"6": {"name":"fp:spaceship", "meta":"<spaceship.NormalBaterrie>"},
			"7": {"name":"fp:spaceship", "meta":"<spaceship.NormalBaterrie>"},
			"8": {"name":"fp:spaceship", "meta":"<spaceship.NeonCoil>"},
			"9": {"name":"fp:spaceship", "meta":"<spaceship.NormalBaterrie>"},
			"out": [{"name":"fp:baterie_box", "meta":0, "size":1},{"name":"fp:baterie_box", "meta":2, "size":1},{"name":"fp:baterie_box", "meta":1, "size":1}]
		}
	},
	"Own capacity: 6000 NE",
	"Settings: I can set either side as energy input or energy output by using the \"Logistics Editor\". All sides by default are set as input and must be changed to use this box as an energy output."
]
