[
	"With flash memory storage, I can transport support points manually and permanently, but these are hardly suitable for automated storage. I connected several flash memory units and a management system to a Flash Server.",
	"This storage unit can be used as a destination, source, or buffer, depending on the setting. I have provided internal connections for loading/unloading by hand as well as for a permanent increase in capacity (4 slots).",
	"The Flash Server will be especially important in more modern systems because I simply cannot provide all machines with a unit for reading flash memory.",
	"Crafting:",
	{
		"type": "crafting",
		"slots": {
			"1": {"name":"fp:spaceship", "meta":"<spaceship.SupportSpeicher2>"},
			"2": {"name":"minecraft:chest"},
			"3": {"name":"fp:spaceship", "meta":"<spaceship.SupportSpeicher2>"},
			"4": {"name":"fp:chip", "meta":"<chip.SupportChip>"},
			"5": [{"name":"fp:color_iron", "meta":0},{"name":"fp:color_iron", "meta":8},{"name":"fp:color_iron", "meta":15}],
			"6": {"name":"fp:chip", "meta":"<chip.SupportChip>"},
			"7": {"name":"fp:spaceship", "meta":"<spaceship.SupportSpeicher2>"},
			"8": {"name":"fp:wire", "meta":3},
			"9": {"name":"fp:spaceship", "meta":"<spaceship.SupportSpeicher2>"},
			"out": [{"name":"fp:flash_server", "meta":2, "size":1},{"name":"fp:flash_server", "meta":6, "size":1},{"name":"fp:flash_server", "meta":10, "size":1}]
		}
	},
	"Capacity: 2048 SP",
	"Note: The block can be set as support output or support input with the \"Logistics Editor\"."
]
