[
	"This antenna is a simply and very useful extension of the network. I am able to wirelessly extend my network even in deep caves and through walls.",
	"Crafting:",
	{
		"type": "crafting",
		"slots": {
			"1": {"name":"fp:spaceship", "meta":"<spaceship.CopperCoil>"},
			"2": {"name":"fp:metal_fence"},
			"3": {"name":"fp:spaceship", "meta":"<spaceship.CopperCoil>"},
			"4": {"name":"fp:spaceship", "meta":"<spaceship.NeonCoil>"},
			"5": {"name":"fp:metal_fence"},
			"6": {"name":"fp:spaceship", "meta":"<spaceship.NeonCoil>"},
			"7": {"name":"fp:chip", "meta":"<chip.LogicChip>"},
			"8": [{"name":"fp:color_iron", "meta":0},{"name":"fp:color_iron", "meta":8},{"name":"fp:color_iron", "meta":15}],
			"9": {"name":"fp:chip", "meta":"<chip.LogicChip>"},
			"out": [{"name":"fp:antenne", "meta":0, "size":1},{"name":"fp:antenne", "meta":1, "size":1},{"name":"fp:antenne", "meta":2, "size":1}]
		}
	},
	"The range of an antenna depends on the number of connected metal blocks and the number of metal blocks of the receiving antenna."
]