[
	"During experiments for improvements of the Simple Redstone Flashdrive I noticed a particular material: Obsidian. It is not only very sturdy but also an excellent isolator that allows me to install the storage cells in short intervals if I seperate them with a layer of obsidian. In consequence I am now able to build a storage unit with much higher capacity.",
	"Assembly:",
	{
		"type": "assembly",
		"slots": {
			"in1": {"name":"fp:chip","meta":0,"size":1},
			"in2": {"name":"minecraft:obsidian","meta":0,"size":1},
			"in3": {"OreDict":"dustRedstone","size":1},
			"out": {"name":"fp:spaceship", "meta":"<spaceship.SupportSpeicher1>", "size":1}
		}
	},
	"Capacity: 256 SP"
]