[
	"I developed a machine to pull Items from another block's inventory. This invention is all in all a combination of a hopper and a dropper.",
	"The Item Pusher can be aligned in all of the 6 directions. The input is marked with a green arrow and the output with a black dot. If the machine is triggered by a Redstone pulse, it transfers a Stack of Items from the block in front of the input side to the output side. (Can also be an inventory)",

	"Crafting:",
	{
		"type": "crafting",
		"slots": {
			"1": {"OreDict":"ingotAluminum"},
			"2": {"OreDict":"ingotAluminum"},
			"3": {"OreDict":"ingotAluminum"},
			"4": {"name":"minecraft:chest", "meta":0},
			"5": {"OreDict":"dustRedstone"},
			"6": {"name":"minecraft:bow", "meta":0},
			"7": {"OreDict":"ingotAluminum"},
			"8": {"OreDict":"ingotAluminum"},
			"9": {"OreDict":"ingotAluminum"},
			"out": {"name":"fp:pucher", "meta":0, "size":1}
		}
	}
]
