[
	"With the usage of other reaction materials I was able to raise the capacity, as well as the voltage. It seems that every material combination has a specific voltage output.",
	"Crafting:",
	{
		"type": "crafting",
		"slots": {
			"1": {},
			"2": {"name":"fp:spaceship","meta":"<spaceship.CopperParts>"},
			"3": {},
			"4": "OreDict:ingotAluminum",
			"5": "OreDict:ingotGold",
			"6": "OreDict:ingotAluminum",
			"7": "OreDict:ingotAluminum",
			"8": "OreDict:ingotGold",
			"9": "OreDict:ingotAluminum",
			"out": {"name":"fp:spaceship","meta":"<spaceship.LargeBaterie>"}
		}
	}
]
