[
	"By replacing the regenerating materials I found a combination that works without toxic fluids. This design is consequently extremely compact.",
	"Crafting:",
	{
		"type": "crafting",
		"slots": {
			"1": {},
			"2": [{"name":"fp:spaceship","meta":"<spaceship.CopperParts>"}],
			"3": {},
			"4": "OreDict:ingotNeon",
			"5": "OreDict:ingotGold",
			"6": "OreDict:ingotNeon",
			"7": "OreDict:ingotNeon",
			"8": {"name":"fp:spaceship","meta":"<spaceship.GoldCoil>"},
			"9": "OreDict:ingotNeon",
			"out": {"name":"fp:spaceship","meta":"<spaceship.NeonBaterie>"}
		}
	}
]