[
	"I have expanded upon the item slider to allow items to be redirected. A computer system analyzes an item that is added, and then decides which page it will forward the item to.",
	"The page with the green arrows is the item input, and the red arrows mark block output for those which could not be assigned to any category. In the GUI of the machine, there is an item buffer on the left; and on the right there are 4 differently colored filter categories. Color markers can also be found on the outside, so if an item matches one of the filter categories it will be routed to that page.",
	"To function, the machine needs neon energy. Neon tubes are particularly recommended for this.",

	"Crafting:",
	{
		"type": "crafting",
		"slots": {
			"1": {"name":"fp:spaceship", "meta":"<spaceship.CompositeMetall>"},
			"2": {"OreDict":"dyeGreen"},
			"3": {"name":"fp:spaceship", "meta":"<spaceship.CompositeMetall>"},
			"4": {"OreDict":"dyeBlue"},
			"5": {"name":"fp:spaceship", "meta":"<spaceship.Maschinboard>"},
			"6": {"OreDict":"dyeYellow"},
			"7": {"name":"fp:spaceship", "meta":"<spaceship.CompositeMetall>"},
			"8": {"OreDict":"dyeRed"},
			"9": {"name":"fp:spaceship", "meta":"<spaceship.CompositeMetall>"},
			"out": {"name":"fp:sorter", "meta":0, "size":1}
		}
	},
	
	"Modification:",
	"By increasing the \"RAM\" value, the item throughput can be increased.",
	
	"Supported Chipsets",
	"Logic Chipset\nIndustrial Chipset (stack-size)\nDamage Control Chipset"
]
