[
	"The naturally occurring Redstone can transfer simple signals. By the integration of Redstone dust in the casing of the Neon Cables, I created a cable that also transfers Redstone signals.",
	"Furthermore the new cables have no loss of signal strength and can be simply connected to traditional Redstone dust.",
	
	"Crafting:",
	{
		"type": "crafting",
		"slots": {
			"1": {},
			"2": {"OreDict":"dustRedstone"},
			"3": {},
			"4": {"name":"fp:wire", "meta":0},
			"5": {"name":"fp:wire", "meta":0},
			"6": {"name":"fp:wire", "meta":0},
			"7": {},
			"8": {},
			"9": {},
			"out": {"name":"fp:wire", "meta":1, "size":3}
		}
	},
	
	"This cables are especially handy to provide machines and lights with Redstone signals."
]
