[
	"Wakurium certainly has very interesing properties. It is able to smoothly transport large amounts of data over long distances almost without any loss.",
	"I tried to develop a coating for my cables from this material and it worked perfectly. When I connect these cables with a network the signals are transmit well.",
	
	"Crafting:",
	{
		"type": "crafting",
		"slots": {
			"1": {},
			"2": "OreDict:ingotWakurum",
			"3": {},
			"4": {"name":"fp:wire", "meta":0},
			"5": {"name":"fp:wire", "meta":0},
			"6": {"name":"fp:wire", "meta":0},
			"7": {},
			"8": {},
			"9": {},
			"out": {"name":"fp:wire", "meta":4, "size":3}
		}
	},
	
	"To prevent the problem of having a failing or overloaded network switch, I used a special cable design. They have their own built-in splitters and amplifiers which allow me to easily expand the network without loss of speed."
]
