[
	"To connect Core, Memory and Chipsets, I created a large and isolated Quartz plate stocked with some connections, slots and power supply units.",
	"Crafting:",
	{
		"type": "crafting",
		"slots": {
			"1": {"name":"fp:spaceship", "meta":"<spaceship.QuartzParts>"},
			"2": [{"name":"fp:ram","meta":0}],
			"3": {"name":"fp:spaceship", "meta":"<spaceship.QuartzParts>"},
			"4": {"name":"fp:spaceship", "meta":"<spaceship.CopperCoil>"},
			"5": [{"name":"fp:core","meta":0}],
			"6": {"name":"fp:spaceship", "meta":"<spaceship.CopperCoil>"},
			"7": {"name":"fp:spaceship", "meta":"<spaceship.QuartzParts>"},
			"8": [{"name":"fp:chip","meta":0}],
			"9": {"name":"fp:spaceship", "meta":"<spaceship.QuartzParts>"},
			"out": {"name":"fp:spaceship","meta":"<spaceship.Maschinboard>"}
		}
	},
	
	"Information:",
	"When crafting I can combine any type of Core and Memory. All the components will be replaceable later (refer \"Overclocking\")! It is possible that a crafted setting doesn't work immediately or starts to overheat."
	
]
