[
	"This advanced furnace is powered by Lava, which can be inserted by buckets or pipes. It use this energy to smelt items that cool down the Lava slowly until they solidify to obsidian. This power allows to smelt up to 3 Items at the same time.",
	"Crafting:",
	{
		"type": "crafting",
		"slots": {
			"1": {"name":"fp:spaceship","meta":"<spaceship.Tank>"},
			"2": {"OreDict":"ingotIron"},
			"3": {"name":"fp:spaceship","meta":"<spaceship.Tank>"},
			"4": {"name":"minecraft:furnace","meta":0},
			"5": {"name":"minecraft:furnace","meta":0},
			"6": {"name":"minecraft:furnace","meta":0},
			"7": {"OreDict":"ingotIron"},
			"8": {"name":"fp:spaceship","meta":"<spaceship.Tank>"},
			"9": {"OreDict":"ingotIron"},
			"out": {"name":"fp:industrie_ofen","meta":0}
		}
	},
		
	"Usage (GUI):",
	{
		"type": "industrialfurnace",
		"slots": {
			"in1": {"name":"minecraft:cobblestone", "size":32},
			"in2": {"OreDict":"oreCopper"},
			"in3": {},
			"out1": {"name":"minecraft:stone", "size":32},
			"out2": {"name":"fp:ItemErze", "meta":2, "size":1},
			"out3": {}
		}
	},
		
		
	"Technical Data:",
	"Lava-Usage: 10 mB per molten Item",
	"Production of Obsidian: 1 Obsidian per 1000mB consumed Lava",
	"Speed: 400 Ticks per Cycle (20 sec)",
	"",
	"Note: Maybe I can combine the materials of the 3 slots to create alloys or refine my Resources"
]