[
	"I improved the simple Industrial Furnace with my newest technologies. Now it consumes Neon Energy and received an upgradable computer system.",
	"The Neon Industrial Furnace features some sensors and precisely adjustable heating coils. So it can perfectly control the smelting process.",
	"With these new abilities, I was also able to modify my old recipes to make them more efficient. (all Recipes are listed in the following Researches)",
	"I am sure that there are more uses for this machine. I have also integrated a system for consumption of support points, which I can use in more complex recipes.",

	"Crafting:",
	{
		"type": "crafting",
		"slots": {
			"1": {"name":"fp:spaceship","meta":"<spaceship.IronCoil>"},
			"2": {"name":"fp:industrie_ofen", "meta":0},
			"3": {"name":"fp:spaceship","meta":"<spaceship.IronCoil>"},
			"4": {"name":"fp:chip","meta":"<chip.DamageControlChip>"},
			"5": [{"name":"fp:color_iron","meta":0},{"name":"fp:color_iron","meta":8},{"name":"fp:color_iron","meta":15}],
			"6": {"name":"fp:extern_cooler", "meta":0},
			"7": {"name":"fp:spaceship", "meta":"<spaceship.CompositeMetall>"},
			"8": {"name":"fp:spaceship", "meta":"<spaceship.Maschinboard>"},
			"9": {"name":"fp:spaceship", "meta":"<spaceship.CompositeMetall>"},
			"out": [{"name":"fp:ind_neon_furn","meta":2},{"name":"fp:ind_neon_furn","meta":6},{"name":"fp:ind_neon_furn","meta":10}]
		}
	},

	"Important: The consumption of support points (SP) is not able to be done by using the Flash Memory. The required technique will be researchable later!"
]
