[
	"I've added an expansion to the neon industrial furnace that allows me to extract residual carbon. I am now practically independent from coal.",
	
	{
		"type": "industrialneonfurnace",
		"slots": {
			"in1":  {"OreDict":"sand"},
			"in2":  {"OreDict":"sand"},
			"in3":  {"name":"minecraft:coal", "meta":0, "size":1},
			"out1": {"name":"fp:spaceship",  "meta":"<spaceship.Silizium>", "size":6},
			"out2": {},
			"out3": {}
		},
		"support":0
	},
	
	"Even with crystals, the new process works to process them into ingots.",
	{
		"type": "industrialneonfurnace",
		"slots": {
			"in1":  [{"OreDict":"gemNeon"},{"OreDict":"gemAluminum"},{"OreDict":"gemGlowtite"},{"OreDict":"gemRetium"},{"OreDict":"gemBioterium"}],
			"in2":  {},
			"in3":  {},
			"out1": [{"OreDict":"ingotNeon"},{"OreDict":"ingotAluminum"},{"OreDict":"ingotGlowtite"},{"OreDict":"ingotRetium"},{"OreDict":"ingotBioterium"}],
			"out2": {},
			"out3": {}
		},
		"support":0
	}		
]
