[
	"Diamonds are the hardest material I know, with a construct of this material I should be able to pulverize all types of Ingots, Ores and Crystals. In order to do this I designed a automated mill.",
	
	"Crafting:",
	{
		"type": "crafting",
		"slots": {
			"1": {"OreDict":"gemDiamond"},
			"2": {"name":"fp:spaceship", "meta":"<spaceship.DiaParts>"},
			"3": {"OreDict":"gemDiamond"},
			"4": {"OreDict":"ingotNeon"},
			"5": [{"name":"fp:color_iron","meta":0},{"name":"fp:color_iron","meta":8},{"name":"fp:color_iron","meta":15}],
			"6": {"OreDict":"ingotNeon"},
			"7": {"name":"fp:spaceship", "meta":"<spaceship.CompositeMetall>"},
			"8": {"name":"fp:spaceship", "meta":"<spaceship.Maschinboard>"},
			"9": {"name":"fp:spaceship", "meta":"<spaceship.CompositeMetall>"},
			"out": [{"name":"fp:crusher","meta":2},{"name":"fp:crusher","meta":6},{"name":"fp:crusher","meta":10}]
		}
	},
		
	"I build a diamond-studded grinder and combined it with a computer system to speed it up and prevent the wear of the expensive grinder.",
	"Furthermore I can duplicate the yield of ores by pulverizing them. This can also used to refine crystal without coal, logically the Dusts must be smelted into the Ingots in a second step.",
		
	"Supported Chipsets:",
	"Logic Chipset\nTransport Chipset\nRedstone Control Chipset\nUltimate Chipset\nDamage Control Chipset"	
	
]