[
	"Using my Centrifuge, I can process remnants of plants and other organic material to extract traces of more valuable materials found inside them.",
	"In particular, after processing, the following residual elements are collected:",
	"Woodchips: combustible wood residue",
	"Compost: plant residue, used as a fertilizer",
	"Biopolymer: high-tech, raw material developed from plant fibers",
	"I can use this method on dirt and a wide variety of plants; but for plants containing any dye, I need a better process.",
	"Example:",
    {
        "type":"zentrifuge",
        "slots":
        {
            "in":{"name":"minecraft:dirt", "meta":0, "size":8},
            "out1":{"name":"minecraft:gravel", "size":4, "meta":0},
            "out2":{"name":"minecraft:clay_ball", "size":2, "meta":0},
            "out3":{"name":"fp:spaceship", "size":1, "meta":"<spaceship.Kompost>"}
        },
	    "support":0,
	    "time":100
    },
	{
        "type":"zentrifuge",
        "slots":
        {
            "in":{"name":"minecraft:sapling", "size":2},
            "out1":{"name":"fp:spaceship", "size":1, "meta":"<spaceship.HackSchnitzel>"},
            "out2":{"name":"fp:spaceship", "size":1, "meta":"<spaceship.Kompost>"},
            "out3":{}
        },
	    "support":0,
	    "time":200
    },
	{
        "type":"zentrifuge",
        "slots":
        {
            "in":{"name":"minecraft:clay_ball", "meta":0, "size":16},
            "out1":{"name":"minecraft:sand", "size":3, "meta":0},
            "out2":{"OreDict":"dustIron", "size":1},
            "out3":{"name":"fp:spaceship", "size":2, "meta":"<spaceship.Kompost>"}
        },
	    "support":0,
	    "time":200
    },
	
    "Information: The centrifuge has a large number recipes, so not all listed here!"
]
