[
	"Through experimentation with different materials, I have found a new way of transferring information through a compound of redstone and neon.",
	"Via a special fusion process, I created an highly conductive material that transmits impulses with extreme speed and without any loss. I should look for uses for this strange finding. ",
	
	{
		"type": "industrialneonfurnace",
		"slots": {
			"in1":  {"OreDict":"ingotNeon", "size":1},
			"in2":  {"OreDict":"dustRedstone", "size":1},
			"in3":  {},
			"out1": {"OreDict":"ingotWakurum", "size":1},
			"out2": {},
			"out3": {}
		},
		"support":0
	}
]
