[
	"Most normal metals melt rapidly when exposed to large heat sources. I've been looking for materials that have a much higher heat resistance.",
	"Baked clay and obsidian showed the most interesting properties. After removing the impurities in clay, I could develop a kind of heat shield.",
	"Plates made of this clay not only withstand extreme temperatures, but also deflect the heat.",

	{
		"type": "industrialneonfurnace",
		"slots": {
			"in1":  {"OreDict":"dustObsidian", "size":1},
			"in2":  {"name":"minecraft:clay_ball", "meta":0, "size":1},
			"in3":  {"OreDict":"dustObsidian", "size":1},
			"out1": {"OreDict":"keramik", "size":2},
			"out2": {},
			"out3": {}
		},
		"support":0
	}
		
]
