[
	"I discovered that the coal can be used during a smelt cycle to remove Oxygen and other pollution from Resources.",
	"A test using this on Sand has produced a brown, shiny and solid Material I named Silicon. Maybe I can find a usage for this interesting Material later ...",
	{
		"type": "industrialfurnace",
		"slots": {
			"in1":  [{"name":"minecraft:coal", "meta":0, "size":1},{"name":"minecraft:coal", "meta":0, "size":1}],
			"in2":  [{"name":"minecraft:coal", "meta":0, "size":1},{"name":"minecraft:coal", "meta":0, "size":1}],
			"in3":  {"OreDict":"sand"},
			"out1": {"name":"fp:spaceship",  "meta":"<spaceship.Silizium>", "size":4},
			"out2": {},
			"out3": {}
		}
	},
	"This works for the local Crystals, too. So I can now produce ingots of them.",
	{
		"type": "industrialfurnace",
		"slots": {
			"in1":  [{"name":"minecraft:coal", "meta":0, "size":1},{"name":"minecraft:coal", "meta":0, "size":1}],
			"in2":  [{"OreDict":"gemNeon"},{"OreDict":"gemAluminum"},{"OreDict":"gemGlowtite"},{"OreDict":"gemRetium"},{"OreDict":"gemBioterium"}],
			"in3":  [{"OreDict":"gemNeon"},{"OreDict":"gemAluminum"},{"OreDict":"gemGlowtite"},{"OreDict":"gemRetium"},{"OreDict":"gemBioterium"}],
			"out1": [{"OreDict":"ingotNeon"},{"OreDict":"ingotAluminum"},{"OreDict":"ingotGlowtite"},{"OreDict":"ingotRetium"},{"OreDict":"ingotBioterium"}],
			"out2": {},
			"out3": {}
		}
	}		
]