[
	"I discovered a very resistant and light alloy with the metals located in this world, I named my creation Composite Metal.",
	"It should be very useful in many tasks, but above everything its a great material for structures.",
	{
		"type": "industrialfurnace",
		"slots": {
			"in1":  {"OreDict":"ingotIron"},
			"in2":  {"OreDict":"ingotCopper"},
			"in3":  [{"OreDict":"ingotTin"}, {"OreDict":"ingotZinc"}],
			"out1": {"name":"fp:spaceship",  "meta":"<spaceship.CompositeMetall>", "size":6},
			"out2": {},
			"out3": {}
		}
	}	
]
