[
	"With this Ram series I have reached my current possibilities, I am not able to add more units onto a memory module. In this series I tried to build function in the memory controller for organizing the module and reducing the processor usage.",
	"I reached another improvement by adding a separate unit for the storage of Support data. This extremely relieved the unspecified part of the system.",

	"Assembly:",
	{
		"type": "assembly",
		"slots": {
			"in1": {"name":"fp:spaceship", "meta":"<spaceship.Silizium>", "size":3},
			"in2": {"name":"fp:spaceship", "meta":"<spaceship.NeonParts>", "size":3},
			"in3": {"name":"fp:spaceship", "meta":"<spaceship.SupportSpeicher1>"},
			"out": {"name":"fp:ram", "meta":2, "size":1}
		}
	},
	
	"Hint: Refer to \"Standard Ram\" for general information."
]
