[
	"By improving my manufacturing, I was able to double the amount of storage units in one memory module. Furthermore I also improved the heat transport by using better materials.",
	"Assembly:",
	{
		"type": "assembly",
		"slots": {
			"in1": {"name":"fp:spaceship", "meta":"<spaceship.Silizium>", "size":2},
			"in2": {"name":"fp:spaceship", "meta":"<spaceship.NeonParts>", "size":2},
			"in3": {"name":"fp:spaceship", "meta":"<spaceship.CompositeMetall>"},
			"out": {"name":"fp:ram", "meta":1, "size":1}
		}
	},
	
	"Hint: Refer to \"Standard Ram\" for general information."
]
