[
	"I designed a specialized drone to mine blocks. It cuts blocks out of the landscape, by using lasers. The mined materials will be transferred to the Drone Station.",
	"The Mining Drone can be placed on the Drone Station, using §lshift + right click§r. After this, the drone can be configured by §lright click§r. For removal you can use a Scrench and §lshift + right click§r to the drone.",
	"Inside the GUI are listed all possible Zone Transmitters on the left side. All areas pushed in right sided list will be processed. By activating \"Repeat\" (true) the selected areas will frequently checked for new work and processed again. If you setup everything you can start the Drone by activating \"Working\".",
	"Crafting:",
	{
		"type": "crafting",
		"slots": {
			"1": {"name":"minecraft:fireworks", "meta":0},
			"2": {"OreDict":"ingotAluminum"},
			"3": {"name":"fp:spaceship", "meta":"<spaceship.Laserdiode>"},
			"4": {"name":"fp:chip", "meta":"<chip.KIChip>"},
			"5": {"name":"fp:core", "meta":1},
			"6": {"name":"minecraft:ender_pearl", "meta":0},
			"7": {"name":"minecraft:fireworks", "meta":0},
			"8": {"OreDict":"ingotAluminum"},
			"9": {"name":"fp:spaceship", "meta":"<spaceship.Laserdiode>"},
			"out": {"name":"fp:entityEgger", "meta":4, "size":1}
		}
	}
]