[
	"Bitripentium has extremely high levels of stored energy, but it is extremely difficult to split the nucleus. A simple explosion is not enough, but the process can be made to function with Blaze Rods.",
    
	"Crafting:",
    {
        "type": "crafting",
        "slots": {
            "1": {"OreDict":"gemBitripentium"},
            "2": {"name":"minecraft:gunpowder","meta":0},
            "3": {"OreDict":"gemBitripentium"},
            "4": {"OreDict":"gemBitripentium"},
            "5": {"name":"minecraft:blaze_rod","meta":0},
            "6": {"OreDict":"gemBitripentium"},
            "7": {"OreDict":"gemBitripentium"},
            "8": {"name":"minecraft:gunpowder","meta":0},
            "9": {"OreDict":"gemBitripentium"},
            "out": {"name":"fp:spaceship","meta":"<spaceship.fuelCell>"}
        }
    }
]
