[
	"Recently, I asked myself the question how I can cover larger horizontal distances. The result was a teleporter which can teleport me above and below.",
    "Crafting:",
    {
        "type": "crafting",
        "slots": {
            "1": "OreDict:ingotAluminum",
            "2": "OreDict:ingotAluminum",
            "3": "OreDict:ingotAluminum",
            "4": "OreDict:ingotNeon",
            "5": {"name":"fp:chip","meta":"<chip.LogisticChip>"},
            "6": "OreDict:ingotNeon",
            "7": "OreDict:ingotAluminum",
            "8": {"name":"fp:spaceship","meta":"<spaceship.LargeBaterie>"},
            "9": "OreDict:ingotAluminum",
            "out": {"name":"fp:beam","meta":3}
        }
    },
    "The yellow teleporter is the basic element. One can teleport to it, but not away from it.",
    "You can teleport with an Enderpearl. When they are energized with neon energy and the target is stabilized, you can use the ability without breaking the Enderpearl.",
    "Crafting:",
    {
        "type": "crafting",
        "slots": {
            "1": "",
            "2": "ender_pearl",
            "3": "",
            "4": "",
            "5": {"name":"fp:beam","meta":3},
            "6": "",
            "7": "",
            "8": "",
            "9": "",
            "out": {"name":"fp:beam","meta":1}
        }
    },
    "The green teleporter can only teleport you to the top, regardless of it being a normal, up, or down teleporter.",
    "Crafting:",
    {
        "type": "crafting",
        "slots": {
            "1": "",
            "2": "",
            "3": "",
            "4": "",
            "5": {"name":"fp:beam","meta":3},
            "6": "",
            "7": "",
            "8": "ender_pearl",
            "9": "",
            "out": {"name":"fp:beam","meta":2}
        }
    },
    "The red teleporter can only teleport away. The type of receiving teleporter does not matter.",
    "However, I also noticed that multi-story buildings have both a possibility to move up and down.",
    "Crafting:",
    {
        "type": "crafting",
        "slots": {
            "1": "",
            "2": "",
            "3": "",
            "4": {"name":"fp:beam","meta":1},
            "5": {"name":"fp:spaceship","meta":"<spaceship.GoldCoil>"},
            "6": {"name":"fp:beam","meta":2},
            "7": "",
            "8": "",
            "9": "",
            "out": {"name":"fp:beam","meta":0}
        }
    },
    "If you use a Scrench to right-click on a double teleporter, it splits apart and the lower part travels down until it hits the ground. Like this, you can easily connect two teleporters again."
]
