[
	"Drones need an base to load energy and exchange items. So I designed the Drone Station. On their top I am able to place drones.",
	"The Drone Station contains an large inventory (at top) and an battery bar (at bottom). I must add at least one battery to power the drones.",
	"The inventory can be filled and emptied by the use of pipes/hopper. By connecting a cable, the batteries can charge automatically.",
	"Crafting:",
	{
		"type": "crafting",
		"slots": {
			"1": {"name":"fp:spaceship", "meta":"<spaceship.NeonCoil>"},
			"2": {"name":"fp:wire", "meta":0},
			"3": {"name":"fp:spaceship", "meta":"<spaceship.NeonCoil>"},
			"4": {"OreDict":"ingotAluminum"},
			"5": [{"name":"fp:wandrope", "meta":0},{"name":"fp:wandrope", "meta":1},{"name":"fp:wandrope", "meta":2},{"name":"fp:wandrope", "meta":3},{"name":"fp:wandrope", "meta":4},{"name":"fp:wandrope", "meta":5},{"name":"fp:wandrope", "meta":6},{"name":"fp:wandrope", "meta":7},{"name":"fp:wandrope", "meta":8},{"name":"fp:wandrope", "meta":9},{"name":"fp:wandrope", "meta":10},{"name":"fp:wandrope", "meta":11}],
			"6": {"OreDict":"ingotAluminum"},
			"7": {"OreDict":"ingotAluminum"},
			"8": [{"name":"fp:baterie_box", "meta":0},{"name":"fp:baterie_box", "meta":1},{"name":"fp:baterie_box", "meta":2}],
			"9": {"OreDict":"ingotAluminum"},
			"out": {"name":"fp:drone_station", "meta":0, "size":1}
		}
	}
]