[
	"A spaceship has little purpose without a destination. I will build a telescope to search the sky for planets.",
	"Upon finding something I will make a corresponding data record, which I can insert into the onboard computer.",
    
	"Crafting:",
    {
        "type": "crafting",
        "slots": {
            "1": {},
            "2": {},
            "3": {"name":"minecraft:glass_pane", "meta":0},
            "4": {},
            "5": {"OreDict":"ingotAluminum"},
            "6": {},
            "7": {"OreDict":"ingotCopper"},
            "8": {},
            "9": {},
            "out": {"name":"fp:telescope", "meta":0}
        }
    },
	
	"Use with \"§lRight Click§r\"."
]
