[
    "In the empty vastness of space, it is imperative to not lose your bearings. I've built a computer that will guide me safely through the void.",
    "Crafting:",
    {
        "type": "crafting",
        "slots": {
            "1": {"name":"fp:spaceship","meta":"<spaceship.LargeBaterie>"},
            "2": {"name":"fp:spaceship","meta":"<spaceship.Display>"},
            "3": {"name":"fp:spaceship","meta":"<spaceship.LargeBaterie>"},
            "4": {"name":"fp:chip","meta":"<chip.NavigationChip>"},
            "5": [{"name":"fp:modul_1","meta":2},{"name":"fp:modul_1","meta":6},{"name":"fp:modul_1","meta":10}],
            "6": {"name":"fp:chip","meta":"<chip.NavigationChip>"},
            "7": "map",
            "8": {"name":"fp:core","meta":2},
            "9": "map",
            "out": [{"name":"fp:board_computer","meta":2},{"name":"fp:board_computer","meta":6},{"name":"fp:board_computer","meta":10}]
        }
    },
    "The GUI has 3 tabs:",
    "The first tab always shows Planet Minecraft, so I can always return home.",
    "The second tab always shows where I am. I'm not sure a case will ever arise where I do not know where I am, but these kinds of things can never be forseen.",
    "The third tab shows the destination, which is selected through coordinates (use the field to input).",
    "",
    "Additionally, various security messages can be displayed:",
    {"type":"translate","text":"\"chat.spaceship.lowEnergie\""},
    "This means that the computer has too little energy.",
    {"type":"translate","text":"chat.spaceship.open"},
    "This means that the ship's computer room is not 100% sealed.",
    {"type":"translate","text":"chat.spaceship.missingEngine"},
    "This means that there is no neon power generator in the space ship."
]
