[
	"I have developed engines where I have connected functionality and design as best it can be. They contain heat-resistant ceramic and composite metal to be able to convey forces acting on the spacecraft.",
    "Crafting:",
    {
        "type": "crafting",
        "slots": {
            "1": {"name":"fp:spaceship","meta":"<spaceship.keramik>"},
            "2": {"name":"fp:spaceship","meta":"<spaceship.keramik>"},
            "3": {"name":"fp:spaceship","meta":"<spaceship.CompositeMetall>"},
            "4": {"name":"fp:spaceship","meta":"<spaceship.QuartzParts>"},
            "5": [
                    {"name":"fp:lackTank3"},
                    {"name":"fp:lackTank4"},
                    {"name":"fp:lackTank5"},
                    {"name":"fp:lackTank1"},
                    {"name":"fp:lackTank10"}
                 ],
            "6": [
                    {"name":"fp:color_iron","meta":0},
                    {"name":"fp:color_iron","meta":0},
                    {"name":"fp:color_iron","meta":0},
                    {"name":"fp:color_iron","meta":0},
                    {"name":"fp:color_iron","meta":0},
                    {"name":"fp:color_iron","meta":8},
                    {"name":"fp:color_iron","meta":8},
                    {"name":"fp:color_iron","meta":8},
                    {"name":"fp:color_iron","meta":8},
                    {"name":"fp:color_iron","meta":8},
                    {"name":"fp:color_iron","meta":15},
                    {"name":"fp:color_iron","meta":15},
                    {"name":"fp:color_iron","meta":15},
                    {"name":"fp:color_iron","meta":15},
                    {"name":"fp:color_iron","meta":15}
                 ],
            "7": {"name":"fp:spaceship","meta":"<spaceship.keramik>"},
            "8": {"name":"fp:spaceship","meta":"<spaceship.keramik>"},
            "9": {"name":"fp:spaceship","meta":"<spaceship.CompositeMetall>"},
            "out": [
                    {"name":"fp:triebwerk","meta":0},
                    {"name":"fp:triebwerk","meta":1},
                    {"name":"fp:triebwerk","meta":2},
                    {"name":"fp:triebwerk","meta":3},
                    {"name":"fp:triebwerk","meta":4},
                    {"name":"fp:triebwerk","meta":5}, 
                    {"name":"fp:triebwerk","meta":6}, 
                    {"name":"fp:triebwerk","meta":7}, 
                    {"name":"fp:triebwerk","meta":8}, 
                    {"name":"fp:triebwerk","meta":9}, 
                    {"name":"fp:triebwerk","meta":10}, 
                    {"name":"fp:triebwerk","meta":11}, 
                    {"name":"fp:triebwerk","meta":12}, 
                    {"name":"fp:triebwerk","meta":13}, 
                    {"name":"fp:triebwerk","meta":14}
                   ]              
        }
    },
    "Note: you can turn them on and off with redstone, but this does not affect the flight."
]
