[
	"I have developed a special workbench which has internal item storage to make my crafting more efficient.",
	"Only this workbench has the facilities for all of my future crafting recipes, which I will soon discover.",

	"Crafting:",
	{
		"type": "crafting",
		"slots": {
			"1": "OreDict:ingotIron",
			"2": "OreDict:ingotIron",
			"3": "OreDict:ingotIron",
			"4": "OreDict:ingotIron",
			"5": {"name":"minecraft:crafting_table"},
			"6": "OreDict:ingotIron",
			"7": "OreDict:ingotIron",
			"8": {"name":"minecraft:chest"},
			"9": "OreDict:ingotIron",
			"out": {"name":"fp:techtable","meta":0}
		}
	},
	"IMPORTANT: All crafting recipes enabled by this mod are ONLY possible in this workbench!"

]
