[
	"To work underwater for longer time periods, I have to take along air. The simple tanks I created are useful for that; and in combination with a light aluminum casing, I can take the tanks as a backpack.",
	"I also added a controller and a compressor, for automatic refilling of the tanks above water.",

	"Crafting:",
	{
		"type": "crafting",
		"slots": {
			"1": {"OreDict":"ingotAluminum"},
			"2": {"name":"fp:chip", "meta":0},
			"3": {"OreDict":"ingotAluminum"},
			"4": {"name":"fp:spaceship", "meta":"<spaceship.Tank>"},
			"5": {"OreDict":"ingotMagnetite"},
			"6": {"name":"fp:spaceship", "meta":"<spaceship.Tank>"},
			"7": {},
			"8": {"name":"fp:spaceship", "meta":"<spaceship.CopperCoil>"},
			"9": {},
			"out": {"name":"fp:sauerstofftank"}
		}
	},
	"Capacity: 2 min",
	"Refill: 2 min",
		
	"Display: The fill level of the tanks is shown using the normal oxygen bar. Once it's empty (after 2 min), your oxygen tanks are depleted. Your oxygen level will be filled up once when this happens, and depletes at normal speed.",
	"Above water, the tanks refill slowly, as long as they are equipped."
]
