[
	"I definitely have way too much compost. I have to get rid of it somehow.",
	"When I fill the grenade with compost, it is distributed on impact and fertilizes the area.",
	"I can use 1-3 units of compost to choose the size of the affected area.",
	
	"Crafting (shapeless):",
	"Strength 1:",
	{
		"type": "crafting",
		"slots": {
			"1": {"name":"fp:grenade", "meta":0},
			"2": {"name":"fp:spaceship", "meta":"<spaceship.Kompost>"},
			"3": {},
			"4": {},
			"5": {},
			"6": {},
			"7": {},
			"8": {},
			"9": {},
			"out": {"name":"fp:grenade", "meta":5, "size":1}
		}
	},
	"Strength 2:",
	{
		"type": "crafting",
		"slots": {
			"1": {"name":"fp:grenade", "meta":0},
			"2": {"name":"fp:spaceship", "meta":"<spaceship.Kompost>"},
			"3": {},
			"4": {"name":"fp:spaceship", "meta":"<spaceship.Kompost>"},
			"5": {},
			"6": {},
			"7": {},
			"8": {},
			"9": {},
			"out": {"name":"fp:grenade", "meta":5, "size":1}
		}
	},
	"Strength 3:",
	{
		"type": "crafting",
		"slots": {
			"1": {"name":"fp:grenade", "meta":0},
			"2": {"name":"fp:spaceship", "meta":"<spaceship.Kompost>"},
			"3": {"name":"fp:spaceship", "meta":"<spaceship.Kompost>"},
			"4": {"name":"fp:spaceship", "meta":"<spaceship.Kompost>"},
			"5": {},
			"6": {},
			"7": {},
			"8": {},
			"9": {},
			"out": {"name":"fp:grenade", "meta":5, "size":1}
		}
	}
]
