[
	"The simple, black powder grenade is very effective for killing creatures, but it also regularly causes damage to the landscape or nearby buildings.",
	"I can ignite a small amount of neon dust with blaze powder which triggers an extremely strong plasma wave. However, this only harms creatures! The radiation can be safely absorbed by non-living things.",
	"I can use 1-3 units of neon dust to select the strength of the grenade.",
	
	"Crafting (shapeless):",
	"Strength 1:",
	{
		"type": "crafting",
		"slots": {
			"1": {"name":"fp:grenade", "meta":0},
			"2": {"OreDict":"dustNeon"},
			"3": {},
			"4": {},
			"5": {"name":"minecraft:blaze_powder"},
			"6": {},
			"7": {},
			"8": {},
			"9": {},
			"out": {"name":"fp:grenade", "meta":3, "size":1}
		}
	},
	"Strength 2:",
	{
		"type": "crafting",
		"slots": {
			"1": {"name":"fp:grenade", "meta":0},
			"2": {"OreDict":"dustNeon"},
			"3": {},
			"4": {"OreDict":"dustNeon"},
			"5": {"name":"minecraft:blaze_powder"},
			"6": {},
			"7": {},
			"8": {},
			"9": {},
			"out": {"name":"fp:grenade", "meta":3, "size":1}
		}
	},
	"Strength 3:",
	{
		"type": "crafting",
		"slots": {
			"1": {"name":"fp:grenade", "meta":0},
			"2": {"OreDict":"dustNeon"},
			"3": {"OreDict":"dustNeon"},
			"4": {"OreDict":"dustNeon"},
			"5": {"name":"minecraft:blaze_powder"},
			"6": {},
			"7": {},
			"8": {},
			"9": {},
			"out": {"name":"fp:grenade", "meta":3, "size":1}
		}
	}
]
