[
	"It is always so tedious to feed the farm animals. But when I compact the food into a Feeding Grenade, I can scatter it much easier in their pen.",
	"When I fill the grenade with food, it is distributed on impact to all the animals in the affected area and makes them more prone to breeding.",
	"I can use 1-3 units of feed to choose the size of the affected area. Feed is suitable for any species.",
	
	"Crafting (shapeless):",
	"Strength 1:",
	{
		"type": "crafting",
		"slots": {
			"1": {"name":"fp:grenade", "meta":0},
			"2": [{"name":"minecraft:wheat"},{"name":"minecraft:potato"}],
			"3": {},
			"4": {},
			"5": [{"name":"minecraft:apple"},{"name":"minecraft:carrot"}],
			"6": {},
			"7": {},
			"8": {},
			"9": {},
			"out": {"name":"fp:grenade", "meta":6, "size":1}
		}
	},
	"Strength 2:",
	{
		"type": "crafting",
		"slots": {
			"1": {"name":"fp:grenade", "meta":0},
			"2": [{"name":"minecraft:wheat"},{"name":"minecraft:potato"}],
			"3": {},
			"4": [{"name":"minecraft:wheat"},{"name":"minecraft:potato"}],
			"5": [{"name":"minecraft:apple"},{"name":"minecraft:carrot"}],
			"6": {},
			"7": {},
			"8": {},
			"9": {},
			"out": {"name":"fp:grenade", "meta":6, "size":1}
		}
	},
	"Strength 3:",
	{
		"type": "crafting",
		"slots": {
			"1": {"name":"fp:grenade", "meta":0},
			"2": [{"name":"minecraft:wheat"},{"name":"minecraft:potato"}],
			"3": [{"name":"minecraft:wheat"},{"name":"minecraft:potato"}],
			"4": [{"name":"minecraft:wheat"},{"name":"minecraft:potato"}],
			"5": [{"name":"minecraft:apple"},{"name":"minecraft:carrot"}],
			"6": {},
			"7": {},
			"8": {},
			"9": {},
			"out": {"name":"fp:grenade", "meta":6, "size":1}
		}
	}
]
