[
	"Sometimes, all you want is a big fire.",
	"When I fill the grenade with blaze powder, it is spread and ignited upon impact, lighting the nearby area on fire.",
	"In the grenade, I can use 1-3 units of blaze powder, correlating to the affected area.",
	
	"Crafting (shapeless):",
	"Strength 1:",
	{
		"type": "crafting",
		"slots": {
			"1": {"name":"fp:grenade", "meta":0},
			"2": {"name":"minecraft:blaze_powder"},
			"3": {},
			"4": {},
			"5": {},
			"6": {},
			"7": {},
			"8": {},
			"9": {},
			"out": {"name":"fp:grenade", "meta":1, "size":1}
		}
	},
	"Strength 2:",
	{
		"type": "crafting",
		"slots": {
			"1": {"name":"fp:grenade", "meta":0},
			"2": {"name":"minecraft:blaze_powder"},
			"3": {},
			"4": {"name":"minecraft:blaze_powder"},
			"5": {},
			"6": {},
			"7": {},
			"8": {},
			"9": {},
			"out": {"name":"fp:grenade", "meta":1, "size":1}
		}
	},
	"Strength 3:",
	{
		"type": "crafting",
		"slots": {
			"1": {"name":"fp:grenade", "meta":0},
			"2": {"name":"minecraft:blaze_powder"},
			"3": {"name":"minecraft:blaze_powder"},
			"4": {"name":"minecraft:blaze_powder"},
			"5": {},
			"6": {},
			"7": {},
			"8": {},
			"9": {},
			"out": {"name":"fp:grenade", "meta":1, "size":1}
		}
	}
]
