[
	"For my grenades, I have developed a universal base component: a metal capsule, ideal for firing. It also includes a blasting cap that ignites on impact and distributes the contents.",
	"Crafting:",
	{
		"type": "crafting",
		"slots": {
			"1": {},
			"2": {"OreDict":"ingotAluminum"},
			"3": {},
			"4": {"OreDict":"ingotAluminum"},
			"5": {"name":"fp:spaceship", "meta":"<spaceship.Tank>"},
			"6": {"OreDict":"ingotAluminum"},
			"7": {"OreDict":"ingotAluminum"},
			"8": {"name":"minecraft:gunpowder"},
			"9": {"OreDict":"ingotAluminum"},
			"out": {"name":"fp:grenade", "meta":0, "size":6}
		}
	},	
	
	"My first simple grenade I have filled with black powder, which is ignited on impact and causes considerable damage.",
	"I can use 1-3 units of black powder, allowing me to choose the level of explosive force.",
		
	"Crafting (shapeless):",
	"Strength 1:",
	{
		"type": "crafting",
		"slots": {
			"1": {"name":"fp:grenade", "meta":0},
			"2": {"name":"minecraft:gunpowder"},
			"3": {},
			"4": {},
			"5": {},
			"6": {},
			"7": {},
			"8": {},
			"9": {},
			"out": {"name":"fp:grenade", "meta":2, "size":1}
		}
	},
	"Strength 2:",
	{
		"type": "crafting",
		"slots": {
			"1": {"name":"fp:grenade", "meta":0},
			"2": {"name":"minecraft:gunpowder"},
			"3": {},
			"4": {"name":"minecraft:gunpowder"},
			"5": {},
			"6": {},
			"7": {},
			"8": {},
			"9": {},
			"out": {"name":"fp:grenade", "meta":2, "size":1}
		}
	},
	"Strength 3:",
	{
		"type": "crafting",
		"slots": {
			"1": {"name":"fp:grenade", "meta":0},
			"2": {"name":"minecraft:gunpowder"},
			"3": {},
			"4": {"name":"minecraft:gunpowder"},
			"5": {"name":"minecraft:gunpowder"},
			"6": {},
			"7": {},
			"8": {},
			"9": {},
			"out": {"name":"fp:grenade", "meta":2, "size":1}
		}
	}
]
