[
	"I don't always have to kill my target. Sometimes it's better to just immobilize them.",
	"Filling the grenade with sticky slime, I can create a weapon to slow down a target.",
	"I can use 1-3 units of slime, allowing me to select the size of the affected region.",
	
	"Crafting (shapeless):",
	"Strength 1:",
	{
		"type": "crafting",
		"slots": {
			"1": {"name":"fp:grenade", "meta":0},
			"2": {"name":"minecraft:slime_ball"},
			"3": {},
			"4": {},
			"5": {},
			"6": {},
			"7": {},
			"8": {},
			"9": {},
			"out": {"name":"fp:grenade", "meta":4, "size":1}
		}
	},
	"Strength 2:",
	{
		"type": "crafting",
		"slots": {
			"1": {"name":"fp:grenade", "meta":0},
			"2": {"name":"minecraft:slime_ball"},
			"3": {},
			"4": {"name":"minecraft:slime_ball"},
			"5": {},
			"6": {},
			"7": {},
			"8": {},
			"9": {},
			"out": {"name":"fp:grenade", "meta":4, "size":1}
		}
	},
	"Strength 3:",
	{
		"type": "crafting",
		"slots": {
			"1": {"name":"fp:grenade", "meta":0},
			"2": {"name":"minecraft:slime_ball"},
			"3": {"name":"minecraft:slime_ball"},
			"4": {"name":"minecraft:slime_ball"},
			"5": {},
			"6": {},
			"7": {},
			"8": {},
			"9": {},
			"out": {"name":"fp:grenade", "meta":4, "size":1}
		}
	}
]
