[
	"If I'm not going to use the grenade shells for anything else, I guess I'll fill them with seeds.",
	"Filling the grenade with seeds will embed them in a nearby field, effectively planting them.",
	"I can use 1-3 units of seeds to select the size of the affected area.",
	
	"Crafting (shapeless):",
	"Strength 1:",
	{
		"type": "crafting",
		"slots": {
			"1": {"name":"fp:grenade", "meta":0},
			"2": {"name":"minecraft:wheat_seeds"},
			"3": {},
			"4": {},
			"5": {},
			"6": {},
			"7": {},
			"8": {},
			"9": {},
			"out": {"name":"fp:grenade", "meta":7, "size":1}
		}
	},
	"Strength 2:",
	{
		"type": "crafting",
		"slots": {
			"1": {"name":"fp:grenade", "meta":0},
			"2": {"name":"minecraft:wheat_seeds"},
			"3": {},
			"4": {"name":"minecraft:wheat_seeds"},
			"5": {},
			"6": {},
			"7": {},
			"8": {},
			"9": {},
			"out": {"name":"fp:grenade", "meta":7, "size":1}
		}
	},
	"Strength 3:",
	{
		"type": "crafting",
		"slots": {
			"1": {"name":"fp:grenade", "meta":0},
			"2": {"name":"minecraft:wheat_seeds"},
			"3": {"name":"minecraft:wheat_seeds"},
			"4": {"name":"minecraft:wheat_seeds"},
			"5": {},
			"6": {},
			"7": {},
			"8": {},
			"9": {},
			"out": {"name":"fp:grenade", "meta":7, "size":1}
		}
	}
]
