[
	"I developed a hoe made of composite metal, making it somewhat stronger and more durable than conventional tools. The root remover on the back end makes work easier.",		
	"Crafting:",
	{
		"type": "crafting",
		"slots": {
			"1": {"name":"fp:spaceship", "meta":"<spaceship.CompositeMetall>"},
			"2": {"name":"fp:spaceship", "meta":"<spaceship.CompositeMetall>"},
			"3": {},
			"4": {},
			"5": {"name":"fp:spaceship", "meta":"<spaceship.IronStick>"},
			"6": {},
			"7": {},
			"8": {"name":"fp:spaceship", "meta":"<spaceship.IronStick>"},
			"9": {},
			"out": {"name":"fp:composite_hoe"}
		}
	}
]
