[
	"I created a tool to color my composite metal blocks.",
	"It's an airbrush, which accelerates the material in the storage tank and disperses it evenly. The device is able to color blocks, but also to sandblast them to remove coloring. To do this I must use sand or gravel.",
	"Crafting:",
	{
		"type": "crafting",
		"slots": {
			"1": {"name":"fp:spaceship", "meta":"<spaceship.CompositeMetall>"},
			"2": {"name":"fp:spaceship", "meta":"<spaceship.CompositeMetall>"},
			"3": {"name":"fp:spaceship", "meta":"<spaceship.IronParts>"},
			"4": {"name":"fp:spaceship", "meta":"<spaceship.IronStick>"},
			"5": {"name":"minecraft:stone_button", "meta":0},
			"6": {},
			"7": {},
			"8": {},
			"9": {},
			"out": {"name":"fp:airBrush"}
		}
	},
	"Color Tanks (Shapeless):",
	{
		"type": "crafting",
		"slots": {
			"1": {"name":"minecraft:water_bucket"},
			"2": {"name":"fp:spaceship", "meta":"<spaceship.Tank>"},
			"3": {},
			"4": [{"name":"minecraft:dye", "meta":15},{"name":"minecraft:dye", "meta":14},{"name":"minecraft:dye", "meta":13},{"name":"minecraft:dye", "meta":12},{"name":"minecraft:dye", "meta":11},{"name":"minecraft:dye", "meta":10},{"name":"minecraft:dye", "meta":9},{"name":"minecraft:dye", "meta":8},{"name":"minecraft:dye", "meta":7},{"name":"minecraft:dye", "meta":6},{"name":"minecraft:dye", "meta":5},{"name":"minecraft:dye", "meta":4},{"name":"minecraft:dye", "meta":3},{"name":"minecraft:dye", "meta":2},{"name":"minecraft:dye", "meta":1},{"name":"minecraft:dye", "meta":0}],
			"5": [{"name":"minecraft:dye", "meta":15},{"name":"minecraft:dye", "meta":14},{"name":"minecraft:dye", "meta":13},{"name":"minecraft:dye", "meta":12},{"name":"minecraft:dye", "meta":11},{"name":"minecraft:dye", "meta":10},{"name":"minecraft:dye", "meta":9},{"name":"minecraft:dye", "meta":8},{"name":"minecraft:dye", "meta":7},{"name":"minecraft:dye", "meta":6},{"name":"minecraft:dye", "meta":5},{"name":"minecraft:dye", "meta":4},{"name":"minecraft:dye", "meta":3},{"name":"minecraft:dye", "meta":2},{"name":"minecraft:dye", "meta":1},{"name":"minecraft:dye", "meta":0}],
			"6": [{"name":"minecraft:dye", "meta":15},{"name":"minecraft:dye", "meta":14},{"name":"minecraft:dye", "meta":13},{"name":"minecraft:dye", "meta":12},{"name":"minecraft:dye", "meta":11},{"name":"minecraft:dye", "meta":10},{"name":"minecraft:dye", "meta":9},{"name":"minecraft:dye", "meta":8},{"name":"minecraft:dye", "meta":7},{"name":"minecraft:dye", "meta":6},{"name":"minecraft:dye", "meta":5},{"name":"minecraft:dye", "meta":4},{"name":"minecraft:dye", "meta":3},{"name":"minecraft:dye", "meta":2},{"name":"minecraft:dye", "meta":1},{"name":"minecraft:dye", "meta":0}],
			"7": {},
			"8": {},
			"9": {},
			"out": [{"name":"fp:lackTank0"},{"name":"fp:lackTank1"},{"name":"fp:lackTank2"},{"name":"fp:lackTank3"},{"name":"fp:lackTank4"},{"name":"fp:lackTank5"},{"name":"fp:lackTank6"},{"name":"fp:lackTank7"},{"name":"fp:lackTank8"},{"name":"fp:lackTank9"},{"name":"fp:lackTank10"},{"name":"fp:lackTank11"},{"name":"fp:lackTank12"},{"name":"fp:lackTank13"},{"name":"fp:lackTank14"},{"name":"fp:lackTank15"}]
		}
	},
	"Usage:",
	"§lsShift + right click§r opens the airbrush inventory, where I can insert a color tank or Sand/Gravel.",
	"§lright click§r on an Metal/Grid - Block to brush. By sandblasting blocks, they return to their uncolored state. By using a color tank it is colored with the corresponding color.",
	"You can read in a block's research information if it is colorable or not. (As well as by simply trying).",
	"Note: A colored block can't be recolored directly, you have to sandblast it first."
]
