[
	"I'd tried to develop an intelligent fishing lure, but something went wrong. Instead, I accidentally developed a sort of egg that absorbs organisms and puts them into stasis.",
	"Assembly:",
	{
		"type": "assembly",
		"slots": {
			"in1": {"name":"minecraft:slime_ball", "meta":0, "size":1},
			"in2": {"name":"minecraft:egg", "meta":0, "size":1},
			"in3": {"name":"fp:chip", "meta":"<chip.LogicChip>", "size":1},
			"out": {"name":"fp:entityEgger", "meta":0, "size":1}
		}
	},
	"The \"Entity Egger\" can be thrown. If it hits an organism, it will be absorbed. The creature can subsequently be released in the same way."
]
