[
	"To use the analysis data (support) from my machines (optibench, neonoven, ...) I need another adjusted research module.",
	"The module has to be connected directly to the researcher (standing next to it) to be able to function, whereby the actual work is performed in the researcher itself.",

	"Crafting:",
	{
		"type": "crafting",
		"slots": {
			"1": {"name":"fp:spaceship", "meta":"<spaceship.GoldParts>"},
			"2": {"name":"fp:scrench"},
			"3": {"name":"fp:spaceship", "meta":"<spaceship.GoldParts>"},
			"4": {"name":"fp:spaceship", "meta":"<spaceship.Silizium>"},
			"5": [ {"name":"fp:color_iron","meta":0}, {"name":"fp:color_iron","meta":8}, {"name":"fp:color_iron","meta":15} ],
			"6": {"name":"fp:spaceship", "meta":"<spaceship.Silizium>"},
			"7": {"name":"fp:spaceship", "meta":"<spaceship.SupportSpeicher0>"},
			"8": {"name":"fp:spaceship", "meta":"<spaceship.GoldCoil>"},
			"9": {"name":"fp:spaceship", "meta":"<spaceship.SupportSpeicher0>"},
			"out": [{"name":"fp:modul_2","meta":2},{"name":"fp:modul_2","meta":6},{"name":"fp:modul_2","meta":10}]
		}
	},	
	"The module saves up to 512 SP. If this isn't enough (check specifications in the blueprints), I have to connect several modules of that kind with the researcher. The support points are transportable by batteries in the module."
]
