[
	"It seems that the neon energy is the key to many new technologies, so I created a module to improve my Researcher. It allows me to do more research using this type of energy.",
	"The Module must be directly connected to the Researcher. All work is done in the Researcher as usual.",
	
	"Crafting:",
	{
		"type": "crafting",
		"slots": {
			"1": {"name":"fp:spaceship", "meta":"<spaceship.GoldParts>"},
			"2": {"name":"fp:scrench"},
			"3": {"name":"fp:spaceship", "meta":"<spaceship.GoldParts>"},
			"4": {"name":"fp:spaceship", "meta":"<spaceship.Silizium>"},
			"5": [{"name":"fp:color_iron","meta":0},{"name":"fp:color_iron","meta":8},{"name":"fp:color_iron","meta":15}],
			"6": {"name":"fp:spaceship", "meta":"<spaceship.Silizium>"},
			"7": {"name":"fp:wire"},
			"8": {"name":"fp:spaceship", "meta":"<spaceship.NeonCoil>"},
			"9": {"name":"fp:wire"},
			"out": [{"name":"fp:modul_1","meta":2},{"name":"fp:modul_1","meta":6},{"name":"fp:modul_1","meta":10}]
		}
	},	
	"The module stores up to 10000 NE, if this not enough for a research project, you can use more modules or wait until it fills up again. The energy can be provided by cables or batteries."
]
